file,complexity
README.md,None
pom.xml,None
src/main/java/br/ufc/great/syspromocity/MvcConfig.java,1
src/main/java/br/ufc/great/syspromocity/SystemApplication.java,1
src/main/java/br/ufc/great/syspromocity/controller/AccessControlController.java,1
src/main/java/br/ufc/great/syspromocity/controller/CouponController.java,7
src/main/java/br/ufc/great/syspromocity/controller/CustomerController.java,7
src/main/java/br/ufc/great/syspromocity/controller/DashboardController.java,1
src/main/java/br/ufc/great/syspromocity/controller/PromotionController.java,7
src/main/java/br/ufc/great/syspromocity/controller/StoreController.java,7
src/main/java/br/ufc/great/syspromocity/controller/UserController.java,11
src/main/java/br/ufc/great/syspromocity/model/AbstractModel.java,11
src/main/java/br/ufc/great/syspromocity/model/Coupon.java,9
src/main/java/br/ufc/great/syspromocity/model/Customers.java,8
src/main/java/br/ufc/great/syspromocity/model/Promotion.java,11
src/main/java/br/ufc/great/syspromocity/model/Store.java,20
src/main/java/br/ufc/great/syspromocity/model/Users.java,6
src/main/java/br/ufc/great/syspromocity/repository/CouponsRepository.java,0
src/main/java/br/ufc/great/syspromocity/repository/CustomersRepository.java,0
src/main/java/br/ufc/great/syspromocity/repository/PromotionsRepository.java,0
src/main/java/br/ufc/great/syspromocity/repository/StoresRepository.java,0
src/main/java/br/ufc/great/syspromocity/repository/UsersRepository.java,0
src/main/java/br/ufc/great/syspromocity/security/WebSecurityConfig.java,3
src/main/java/br/ufc/great/syspromocity/service/AbstractService.java,6
src/main/java/br/ufc/great/syspromocity/service/CouponsService.java,1
src/main/java/br/ufc/great/syspromocity/service/CustomersService.java,1
src/main/java/br/ufc/great/syspromocity/service/PromotionsService.java,1
src/main/java/br/ufc/great/syspromocity/service/StoresService.java,1
src/main/java/br/ufc/great/syspromocity/service/UsersService.java,1
src/main/java/br/ufc/great/syspromocity/util/GeradorSenha.java,2
src/main/resources/application.properties,None
src/main/resources/sql/security.sql,None
src/main/resources/static/bootstrap/css/bootstrap.css,None
src/main/resources/static/bootstrap/css/bootstrap.css.map,None
src/main/resources/static/bootstrap/css/bootstrap.min.css,None
src/main/resources/static/bootstrap/css/bootstrap.min.css.map,None
src/main/resources/static/bootstrap/fonts/glyphicons-halflings-regular.svg,None
src/main/resources/static/bootstrap/js/bootstrap.js,589
src/main/resources/static/bootstrap/js/bootstrap.min.js,589
src/main/resources/static/bootstrap/js/npm.js,0
src/main/resources/static/dist/css/AdminLTE.css,None
src/main/resources/static/dist/css/AdminLTE.min.css,None
src/main/resources/static/dist/css/skins/_all-skins.css,None
src/main/resources/static/dist/css/skins/_all-skins.min.css,None
src/main/resources/static/dist/css/skins/skin-black-light.css,None
src/main/resources/static/dist/css/skins/skin-black-light.min.css,None
src/main/resources/static/dist/css/skins/skin-black.css,None
src/main/resources/static/dist/css/skins/skin-black.min.css,None
src/main/resources/static/dist/css/skins/skin-blue-light.css,None
src/main/resources/static/dist/css/skins/skin-blue-light.min.css,None
src/main/resources/static/dist/css/skins/skin-blue.css,None
src/main/resources/static/dist/css/skins/skin-blue.min.css,None
src/main/resources/static/dist/css/skins/skin-green-light.css,None
src/main/resources/static/dist/css/skins/skin-green-light.min.css,None
src/main/resources/static/dist/css/skins/skin-green.css,None
src/main/resources/static/dist/css/skins/skin-green.min.css,None
src/main/resources/static/dist/css/skins/skin-purple-light.css,None
src/main/resources/static/dist/css/skins/skin-purple-light.min.css,None
src/main/resources/static/dist/css/skins/skin-purple.css,None
src/main/resources/static/dist/css/skins/skin-purple.min.css,None
src/main/resources/static/dist/css/skins/skin-red-light.css,None
src/main/resources/static/dist/css/skins/skin-red-light.min.css,None
src/main/resources/static/dist/css/skins/skin-red.css,None
src/main/resources/static/dist/css/skins/skin-red.min.css,None
src/main/resources/static/dist/css/skins/skin-yellow-light.css,None
src/main/resources/static/dist/css/skins/skin-yellow-light.min.css,None
src/main/resources/static/dist/css/skins/skin-yellow.css,None
src/main/resources/static/dist/css/skins/skin-yellow.min.css,None
src/main/resources/static/dist/js/app.js,111
src/main/resources/static/dist/js/app.min.js,111
src/main/resources/static/dist/js/demo.js,25
src/main/resources/static/dist/js/pages/dashboard.js,7
src/main/resources/static/dist/js/pages/dashboard2.js,7
src/main/resources/static/plugins/bootstrap-slider/bootstrap-slider.js,312
src/main/resources/static/plugins/bootstrap-slider/slider.css,None
src/main/resources/static/plugins/bootstrap-wysihtml5/bootstrap3-wysihtml5.all.js,4114
src/main/resources/static/plugins/bootstrap-wysihtml5/bootstrap3-wysihtml5.all.min.js,4088
src/main/resources/static/plugins/bootstrap-wysihtml5/bootstrap3-wysihtml5.css,None
src/main/resources/static/plugins/bootstrap-wysihtml5/bootstrap3-wysihtml5.min.css,None
src/main/resources/static/plugins/chartjs/Chart.js,614
src/main/resources/static/plugins/chartjs/Chart.min.js,613
src/main/resources/static/plugins/ckeditor/CHANGES.md,None
src/main/resources/static/plugins/ckeditor/LICENSE.md,None
src/main/resources/static/plugins/ckeditor/README.md,None
src/main/resources/static/plugins/ckeditor/adapters/jquery.js,53
src/main/resources/static/plugins/ckeditor/build-config.js,0
src/main/resources/static/plugins/ckeditor/ckeditor.js,9877
src/main/resources/static/plugins/ckeditor/config.js,1
src/main/resources/static/plugins/ckeditor/contents.css,None
src/main/resources/static/plugins/ckeditor/lang/af.js,0
src/main/resources/static/plugins/ckeditor/lang/ar.js,0
src/main/resources/static/plugins/ckeditor/lang/bg.js,0
src/main/resources/static/plugins/ckeditor/lang/bn.js,0
src/main/resources/static/plugins/ckeditor/lang/bs.js,0
src/main/resources/static/plugins/ckeditor/lang/ca.js,0
src/main/resources/static/plugins/ckeditor/lang/cs.js,0
src/main/resources/static/plugins/ckeditor/lang/cy.js,0
src/main/resources/static/plugins/ckeditor/lang/da.js,0
src/main/resources/static/plugins/ckeditor/lang/de-ch.js,0
src/main/resources/static/plugins/ckeditor/lang/de.js,0
src/main/resources/static/plugins/ckeditor/lang/el.js,0
src/main/resources/static/plugins/ckeditor/lang/en-au.js,0
src/main/resources/static/plugins/ckeditor/lang/en-ca.js,0
src/main/resources/static/plugins/ckeditor/lang/en-gb.js,0
src/main/resources/static/plugins/ckeditor/lang/en.js,0
src/main/resources/static/plugins/ckeditor/lang/eo.js,0
src/main/resources/static/plugins/ckeditor/lang/es.js,0
src/main/resources/static/plugins/ckeditor/lang/et.js,0
src/main/resources/static/plugins/ckeditor/lang/eu.js,0
src/main/resources/static/plugins/ckeditor/lang/fa.js,0
src/main/resources/static/plugins/ckeditor/lang/fi.js,0
src/main/resources/static/plugins/ckeditor/lang/fo.js,0
src/main/resources/static/plugins/ckeditor/lang/fr-ca.js,0
src/main/resources/static/plugins/ckeditor/lang/fr.js,0
src/main/resources/static/plugins/ckeditor/lang/gl.js,0
src/main/resources/static/plugins/ckeditor/lang/gu.js,0
src/main/resources/static/plugins/ckeditor/lang/he.js,0
src/main/resources/static/plugins/ckeditor/lang/hi.js,0
src/main/resources/static/plugins/ckeditor/lang/hr.js,0
src/main/resources/static/plugins/ckeditor/lang/hu.js,0
src/main/resources/static/plugins/ckeditor/lang/id.js,0
src/main/resources/static/plugins/ckeditor/lang/is.js,0
src/main/resources/static/plugins/ckeditor/lang/it.js,0
src/main/resources/static/plugins/ckeditor/lang/ja.js,0
src/main/resources/static/plugins/ckeditor/lang/ka.js,0
src/main/resources/static/plugins/ckeditor/lang/km.js,0
src/main/resources/static/plugins/ckeditor/lang/ko.js,0
src/main/resources/static/plugins/ckeditor/lang/ku.js,0
src/main/resources/static/plugins/ckeditor/lang/lt.js,0
src/main/resources/static/plugins/ckeditor/lang/lv.js,0
src/main/resources/static/plugins/ckeditor/lang/mk.js,0
src/main/resources/static/plugins/ckeditor/lang/mn.js,0
src/main/resources/static/plugins/ckeditor/lang/ms.js,0
src/main/resources/static/plugins/ckeditor/lang/nb.js,0
src/main/resources/static/plugins/ckeditor/lang/nl.js,0
src/main/resources/static/plugins/ckeditor/lang/no.js,0
src/main/resources/static/plugins/ckeditor/lang/pl.js,0
src/main/resources/static/plugins/ckeditor/lang/pt-br.js,0
src/main/resources/static/plugins/ckeditor/lang/pt.js,0
src/main/resources/static/plugins/ckeditor/lang/ro.js,0
src/main/resources/static/plugins/ckeditor/lang/ru.js,0
src/main/resources/static/plugins/ckeditor/lang/si.js,0
src/main/resources/static/plugins/ckeditor/lang/sk.js,0
src/main/resources/static/plugins/ckeditor/lang/sl.js,0
src/main/resources/static/plugins/ckeditor/lang/sq.js,0
src/main/resources/static/plugins/ckeditor/lang/sr-latn.js,0
src/main/resources/static/plugins/ckeditor/lang/sr.js,0
src/main/resources/static/plugins/ckeditor/lang/sv.js,0
src/main/resources/static/plugins/ckeditor/lang/th.js,0
src/main/resources/static/plugins/ckeditor/lang/tr.js,0
src/main/resources/static/plugins/ckeditor/lang/tt.js,0
src/main/resources/static/plugins/ckeditor/lang/ug.js,0
src/main/resources/static/plugins/ckeditor/lang/uk.js,0
src/main/resources/static/plugins/ckeditor/lang/vi.js,0
src/main/resources/static/plugins/ckeditor/lang/zh-cn.js,0
src/main/resources/static/plugins/ckeditor/lang/zh.js,0
src/main/resources/static/plugins/ckeditor/plugins/a11yhelp/dialogs/a11yhelp.js,14
src/main/resources/static/plugins/ckeditor/plugins/a11yhelp/dialogs/lang/_translationstatus.txt,None
src/main/resources/static/plugins/ckeditor/plugins/a11yhelp/dialogs/lang/af.js,0
src/main/resources/static/plugins/ckeditor/plugins/a11yhelp/dialogs/lang/ar.js,0
src/main/resources/static/plugins/ckeditor/plugins/a11yhelp/dialogs/lang/bg.js,0
src/main/resources/static/plugins/ckeditor/plugins/a11yhelp/dialogs/lang/ca.js,0
src/main/resources/static/plugins/ckeditor/plugins/a11yhelp/dialogs/lang/cs.js,0
src/main/resources/static/plugins/ckeditor/plugins/a11yhelp/dialogs/lang/cy.js,0
src/main/resources/static/plugins/ckeditor/plugins/a11yhelp/dialogs/lang/da.js,0
src/main/resources/static/plugins/ckeditor/plugins/a11yhelp/dialogs/lang/de-ch.js,0
src/main/resources/static/plugins/ckeditor/plugins/a11yhelp/dialogs/lang/de.js,0
src/main/resources/static/plugins/ckeditor/plugins/a11yhelp/dialogs/lang/el.js,0
src/main/resources/static/plugins/ckeditor/plugins/a11yhelp/dialogs/lang/en-gb.js,0
src/main/resources/static/plugins/ckeditor/plugins/a11yhelp/dialogs/lang/en.js,0
src/main/resources/static/plugins/ckeditor/plugins/a11yhelp/dialogs/lang/eo.js,0
src/main/resources/static/plugins/ckeditor/plugins/a11yhelp/dialogs/lang/es.js,0
src/main/resources/static/plugins/ckeditor/plugins/a11yhelp/dialogs/lang/et.js,0
src/main/resources/static/plugins/ckeditor/plugins/a11yhelp/dialogs/lang/eu.js,0
src/main/resources/static/plugins/ckeditor/plugins/a11yhelp/dialogs/lang/fa.js,0
src/main/resources/static/plugins/ckeditor/plugins/a11yhelp/dialogs/lang/fi.js,0
src/main/resources/static/plugins/ckeditor/plugins/a11yhelp/dialogs/lang/fo.js,0
src/main/resources/static/plugins/ckeditor/plugins/a11yhelp/dialogs/lang/fr-ca.js,0
src/main/resources/static/plugins/ckeditor/plugins/a11yhelp/dialogs/lang/fr.js,0
src/main/resources/static/plugins/ckeditor/plugins/a11yhelp/dialogs/lang/gl.js,0
src/main/resources/static/plugins/ckeditor/plugins/a11yhelp/dialogs/lang/gu.js,0
src/main/resources/static/plugins/ckeditor/plugins/a11yhelp/dialogs/lang/he.js,0
src/main/resources/static/plugins/ckeditor/plugins/a11yhelp/dialogs/lang/hi.js,0
src/main/resources/static/plugins/ckeditor/plugins/a11yhelp/dialogs/lang/hr.js,0
src/main/resources/static/plugins/ckeditor/plugins/a11yhelp/dialogs/lang/hu.js,0
src/main/resources/static/plugins/ckeditor/plugins/a11yhelp/dialogs/lang/id.js,0
src/main/resources/static/plugins/ckeditor/plugins/a11yhelp/dialogs/lang/it.js,0
src/main/resources/static/plugins/ckeditor/plugins/a11yhelp/dialogs/lang/ja.js,0
src/main/resources/static/plugins/ckeditor/plugins/a11yhelp/dialogs/lang/km.js,0
src/main/resources/static/plugins/ckeditor/plugins/a11yhelp/dialogs/lang/ko.js,0
src/main/resources/static/plugins/ckeditor/plugins/a11yhelp/dialogs/lang/ku.js,0
src/main/resources/static/plugins/ckeditor/plugins/a11yhelp/dialogs/lang/lt.js,0
src/main/resources/static/plugins/ckeditor/plugins/a11yhelp/dialogs/lang/lv.js,0
src/main/resources/static/plugins/ckeditor/plugins/a11yhelp/dialogs/lang/mk.js,0
src/main/resources/static/plugins/ckeditor/plugins/a11yhelp/dialogs/lang/mn.js,0
src/main/resources/static/plugins/ckeditor/plugins/a11yhelp/dialogs/lang/nb.js,0
src/main/resources/static/plugins/ckeditor/plugins/a11yhelp/dialogs/lang/nl.js,0
src/main/resources/static/plugins/ckeditor/plugins/a11yhelp/dialogs/lang/no.js,0
src/main/resources/static/plugins/ckeditor/plugins/a11yhelp/dialogs/lang/pl.js,0
src/main/resources/static/plugins/ckeditor/plugins/a11yhelp/dialogs/lang/pt-br.js,0
src/main/resources/static/plugins/ckeditor/plugins/a11yhelp/dialogs/lang/pt.js,0
src/main/resources/static/plugins/ckeditor/plugins/a11yhelp/dialogs/lang/ro.js,0
src/main/resources/static/plugins/ckeditor/plugins/a11yhelp/dialogs/lang/ru.js,0
src/main/resources/static/plugins/ckeditor/plugins/a11yhelp/dialogs/lang/si.js,0
src/main/resources/static/plugins/ckeditor/plugins/a11yhelp/dialogs/lang/sk.js,0
src/main/resources/static/plugins/ckeditor/plugins/a11yhelp/dialogs/lang/sl.js,0
src/main/resources/static/plugins/ckeditor/plugins/a11yhelp/dialogs/lang/sq.js,0
src/main/resources/static/plugins/ckeditor/plugins/a11yhelp/dialogs/lang/sr-latn.js,0
src/main/resources/static/plugins/ckeditor/plugins/a11yhelp/dialogs/lang/sr.js,0
src/main/resources/static/plugins/ckeditor/plugins/a11yhelp/dialogs/lang/sv.js,0
src/main/resources/static/plugins/ckeditor/plugins/a11yhelp/dialogs/lang/th.js,0
src/main/resources/static/plugins/ckeditor/plugins/a11yhelp/dialogs/lang/tr.js,0
src/main/resources/static/plugins/ckeditor/plugins/a11yhelp/dialogs/lang/tt.js,0
src/main/resources/static/plugins/ckeditor/plugins/a11yhelp/dialogs/lang/ug.js,0
src/main/resources/static/plugins/ckeditor/plugins/a11yhelp/dialogs/lang/uk.js,0
src/main/resources/static/plugins/ckeditor/plugins/a11yhelp/dialogs/lang/vi.js,0
src/main/resources/static/plugins/ckeditor/plugins/a11yhelp/dialogs/lang/zh-cn.js,0
src/main/resources/static/plugins/ckeditor/plugins/a11yhelp/dialogs/lang/zh.js,0
src/main/resources/static/plugins/ckeditor/plugins/about/dialogs/about.js,4
src/main/resources/static/plugins/ckeditor/plugins/clipboard/dialogs/paste.js,49
src/main/resources/static/plugins/ckeditor/plugins/dialog/dialogDefinition.js,0
src/main/resources/static/plugins/ckeditor/plugins/image/dialogs/image.js,307
src/main/resources/static/plugins/ckeditor/plugins/link/dialogs/anchor.js,20
src/main/resources/static/plugins/ckeditor/plugins/link/dialogs/link.js,127
src/main/resources/static/plugins/ckeditor/plugins/pastefromword/filter/default.js,143
src/main/resources/static/plugins/ckeditor/plugins/scayt/CHANGELOG.md,None
src/main/resources/static/plugins/ckeditor/plugins/scayt/LICENSE.md,None
src/main/resources/static/plugins/ckeditor/plugins/scayt/README.md,None
src/main/resources/static/plugins/ckeditor/plugins/scayt/dialogs/options.js,79
src/main/resources/static/plugins/ckeditor/plugins/scayt/dialogs/toolbar.css,None
src/main/resources/static/plugins/ckeditor/plugins/specialchar/dialogs/lang/_translationstatus.txt,None
src/main/resources/static/plugins/ckeditor/plugins/specialchar/dialogs/lang/af.js,0
src/main/resources/static/plugins/ckeditor/plugins/specialchar/dialogs/lang/ar.js,0
src/main/resources/static/plugins/ckeditor/plugins/specialchar/dialogs/lang/bg.js,0
src/main/resources/static/plugins/ckeditor/plugins/specialchar/dialogs/lang/ca.js,0
src/main/resources/static/plugins/ckeditor/plugins/specialchar/dialogs/lang/cs.js,0
src/main/resources/static/plugins/ckeditor/plugins/specialchar/dialogs/lang/cy.js,0
src/main/resources/static/plugins/ckeditor/plugins/specialchar/dialogs/lang/da.js,0
src/main/resources/static/plugins/ckeditor/plugins/specialchar/dialogs/lang/de-ch.js,0
src/main/resources/static/plugins/ckeditor/plugins/specialchar/dialogs/lang/de.js,0
src/main/resources/static/plugins/ckeditor/plugins/specialchar/dialogs/lang/el.js,0
src/main/resources/static/plugins/ckeditor/plugins/specialchar/dialogs/lang/en-gb.js,0
src/main/resources/static/plugins/ckeditor/plugins/specialchar/dialogs/lang/en.js,0
src/main/resources/static/plugins/ckeditor/plugins/specialchar/dialogs/lang/eo.js,0
src/main/resources/static/plugins/ckeditor/plugins/specialchar/dialogs/lang/es.js,0
src/main/resources/static/plugins/ckeditor/plugins/specialchar/dialogs/lang/et.js,0
src/main/resources/static/plugins/ckeditor/plugins/specialchar/dialogs/lang/eu.js,0
src/main/resources/static/plugins/ckeditor/plugins/specialchar/dialogs/lang/fa.js,0
src/main/resources/static/plugins/ckeditor/plugins/specialchar/dialogs/lang/fi.js,0
src/main/resources/static/plugins/ckeditor/plugins/specialchar/dialogs/lang/fr-ca.js,0
src/main/resources/static/plugins/ckeditor/plugins/specialchar/dialogs/lang/fr.js,0
src/main/resources/static/plugins/ckeditor/plugins/specialchar/dialogs/lang/gl.js,0
src/main/resources/static/plugins/ckeditor/plugins/specialchar/dialogs/lang/he.js,0
src/main/resources/static/plugins/ckeditor/plugins/specialchar/dialogs/lang/hr.js,0
src/main/resources/static/plugins/ckeditor/plugins/specialchar/dialogs/lang/hu.js,0
src/main/resources/static/plugins/ckeditor/plugins/specialchar/dialogs/lang/id.js,0
src/main/resources/static/plugins/ckeditor/plugins/specialchar/dialogs/lang/it.js,0
src/main/resources/static/plugins/ckeditor/plugins/specialchar/dialogs/lang/ja.js,0
src/main/resources/static/plugins/ckeditor/plugins/specialchar/dialogs/lang/km.js,0
src/main/resources/static/plugins/ckeditor/plugins/specialchar/dialogs/lang/ko.js,0
src/main/resources/static/plugins/ckeditor/plugins/specialchar/dialogs/lang/ku.js,0
src/main/resources/static/plugins/ckeditor/plugins/specialchar/dialogs/lang/lt.js,0
src/main/resources/static/plugins/ckeditor/plugins/specialchar/dialogs/lang/lv.js,0
src/main/resources/static/plugins/ckeditor/plugins/specialchar/dialogs/lang/nb.js,0
src/main/resources/static/plugins/ckeditor/plugins/specialchar/dialogs/lang/nl.js,0
src/main/resources/static/plugins/ckeditor/plugins/specialchar/dialogs/lang/no.js,0
src/main/resources/static/plugins/ckeditor/plugins/specialchar/dialogs/lang/pl.js,0
src/main/resources/static/plugins/ckeditor/plugins/specialchar/dialogs/lang/pt-br.js,0
src/main/resources/static/plugins/ckeditor/plugins/specialchar/dialogs/lang/pt.js,0
src/main/resources/static/plugins/ckeditor/plugins/specialchar/dialogs/lang/ru.js,0
src/main/resources/static/plugins/ckeditor/plugins/specialchar/dialogs/lang/si.js,0
src/main/resources/static/plugins/ckeditor/plugins/specialchar/dialogs/lang/sk.js,0
src/main/resources/static/plugins/ckeditor/plugins/specialchar/dialogs/lang/sl.js,0
src/main/resources/static/plugins/ckeditor/plugins/specialchar/dialogs/lang/sq.js,0
src/main/resources/static/plugins/ckeditor/plugins/specialchar/dialogs/lang/sv.js,0
src/main/resources/static/plugins/ckeditor/plugins/specialchar/dialogs/lang/th.js,0
src/main/resources/static/plugins/ckeditor/plugins/specialchar/dialogs/lang/tr.js,0
src/main/resources/static/plugins/ckeditor/plugins/specialchar/dialogs/lang/tt.js,0
src/main/resources/static/plugins/ckeditor/plugins/specialchar/dialogs/lang/ug.js,0
src/main/resources/static/plugins/ckeditor/plugins/specialchar/dialogs/lang/uk.js,0
src/main/resources/static/plugins/ckeditor/plugins/specialchar/dialogs/lang/vi.js,0
src/main/resources/static/plugins/ckeditor/plugins/specialchar/dialogs/lang/zh-cn.js,0
src/main/resources/static/plugins/ckeditor/plugins/specialchar/dialogs/lang/zh.js,0
src/main/resources/static/plugins/ckeditor/plugins/specialchar/dialogs/specialchar.js,45
src/main/resources/static/plugins/ckeditor/plugins/table/dialogs/table.js,123
src/main/resources/static/plugins/ckeditor/plugins/tabletools/dialogs/tableCell.js,94
src/main/resources/static/plugins/ckeditor/plugins/wsc/LICENSE.md,None
src/main/resources/static/plugins/ckeditor/plugins/wsc/README.md,None
src/main/resources/static/plugins/ckeditor/plugins/wsc/dialogs/ciframe.html,None
src/main/resources/static/plugins/ckeditor/plugins/wsc/dialogs/tmpFrameset.html,None
src/main/resources/static/plugins/ckeditor/plugins/wsc/dialogs/wsc.css,None
src/main/resources/static/plugins/ckeditor/plugins/wsc/dialogs/wsc.js,444
src/main/resources/static/plugins/ckeditor/plugins/wsc/dialogs/wsc_ie.js,28
src/main/resources/static/plugins/ckeditor/samples/css/samples.css,None
src/main/resources/static/plugins/ckeditor/samples/index.html,None
src/main/resources/static/plugins/ckeditor/samples/js/sample.js,6
src/main/resources/static/plugins/ckeditor/samples/js/sf.js,118
src/main/resources/static/plugins/ckeditor/samples/old/ajax.html,None
src/main/resources/static/plugins/ckeditor/samples/old/api.html,None
src/main/resources/static/plugins/ckeditor/samples/old/appendto.html,None
src/main/resources/static/plugins/ckeditor/samples/old/assets/outputxhtml/outputxhtml.css,None
src/main/resources/static/plugins/ckeditor/samples/old/assets/posteddata.php,0
src/main/resources/static/plugins/ckeditor/samples/old/assets/uilanguages/languages.js,5
src/main/resources/static/plugins/ckeditor/samples/old/datafiltering.html,None
src/main/resources/static/plugins/ckeditor/samples/old/dialog/assets/my_dialog.js,1
src/main/resources/static/plugins/ckeditor/samples/old/dialog/dialog.html,None
src/main/resources/static/plugins/ckeditor/samples/old/divreplace.html,None
src/main/resources/static/plugins/ckeditor/samples/old/enterkey/enterkey.html,None
src/main/resources/static/plugins/ckeditor/samples/old/htmlwriter/assets/outputforflash/swfobject.js,261
src/main/resources/static/plugins/ckeditor/samples/old/htmlwriter/outputforflash.html,None
src/main/resources/static/plugins/ckeditor/samples/old/htmlwriter/outputhtml.html,None
src/main/resources/static/plugins/ckeditor/samples/old/index.html,None
src/main/resources/static/plugins/ckeditor/samples/old/inlineall.html,None
src/main/resources/static/plugins/ckeditor/samples/old/inlinebycode.html,None
src/main/resources/static/plugins/ckeditor/samples/old/inlinetextarea.html,None
src/main/resources/static/plugins/ckeditor/samples/old/jquery.html,None
src/main/resources/static/plugins/ckeditor/samples/old/magicline/magicline.html,None
src/main/resources/static/plugins/ckeditor/samples/old/readonly.html,None
src/main/resources/static/plugins/ckeditor/samples/old/replacebyclass.html,None
src/main/resources/static/plugins/ckeditor/samples/old/replacebycode.html,None
src/main/resources/static/plugins/ckeditor/samples/old/sample.css,None
src/main/resources/static/plugins/ckeditor/samples/old/sample.js,9
src/main/resources/static/plugins/ckeditor/samples/old/sample_posteddata.php,0
src/main/resources/static/plugins/ckeditor/samples/old/tabindex.html,None
src/main/resources/static/plugins/ckeditor/samples/old/toolbar/toolbar.html,None
src/main/resources/static/plugins/ckeditor/samples/old/uicolor.html,None
src/main/resources/static/plugins/ckeditor/samples/old/uilanguages.html,None
src/main/resources/static/plugins/ckeditor/samples/old/wysiwygarea/fullpage.html,None
src/main/resources/static/plugins/ckeditor/samples/old/xhtmlstyle.html,None
src/main/resources/static/plugins/ckeditor/samples/toolbarconfigurator/css/fontello.css,None
src/main/resources/static/plugins/ckeditor/samples/toolbarconfigurator/font/LICENSE.txt,None
src/main/resources/static/plugins/ckeditor/samples/toolbarconfigurator/font/config.json,None
src/main/resources/static/plugins/ckeditor/samples/toolbarconfigurator/font/fontello.svg,None
src/main/resources/static/plugins/ckeditor/samples/toolbarconfigurator/index.html,None
src/main/resources/static/plugins/ckeditor/samples/toolbarconfigurator/js/abstracttoolbarmodifier.js,98
src/main/resources/static/plugins/ckeditor/samples/toolbarconfigurator/js/fulltoolbareditor.js,54
src/main/resources/static/plugins/ckeditor/samples/toolbarconfigurator/js/toolbarmodifier.js,211
src/main/resources/static/plugins/ckeditor/samples/toolbarconfigurator/js/toolbartextmodifier.js,91
src/main/resources/static/plugins/ckeditor/samples/toolbarconfigurator/lib/codemirror/LICENSE,None
src/main/resources/static/plugins/ckeditor/samples/toolbarconfigurator/lib/codemirror/codemirror.css,None
src/main/resources/static/plugins/ckeditor/samples/toolbarconfigurator/lib/codemirror/codemirror.js,3512
src/main/resources/static/plugins/ckeditor/samples/toolbarconfigurator/lib/codemirror/javascript.js,351
src/main/resources/static/plugins/ckeditor/samples/toolbarconfigurator/lib/codemirror/neo.css,None
src/main/resources/static/plugins/ckeditor/samples/toolbarconfigurator/lib/codemirror/show-hint.css,None
src/main/resources/static/plugins/ckeditor/samples/toolbarconfigurator/lib/codemirror/show-hint.js,164
src/main/resources/static/plugins/ckeditor/skins/moono/dialog.css,None
src/main/resources/static/plugins/ckeditor/skins/moono/dialog_ie.css,None
src/main/resources/static/plugins/ckeditor/skins/moono/dialog_ie7.css,None
src/main/resources/static/plugins/ckeditor/skins/moono/dialog_ie8.css,None
src/main/resources/static/plugins/ckeditor/skins/moono/dialog_iequirks.css,None
src/main/resources/static/plugins/ckeditor/skins/moono/editor.css,None
src/main/resources/static/plugins/ckeditor/skins/moono/editor_gecko.css,None
src/main/resources/static/plugins/ckeditor/skins/moono/editor_ie.css,None
src/main/resources/static/plugins/ckeditor/skins/moono/editor_ie7.css,None
src/main/resources/static/plugins/ckeditor/skins/moono/editor_ie8.css,None
src/main/resources/static/plugins/ckeditor/skins/moono/editor_iequirks.css,None
src/main/resources/static/plugins/ckeditor/skins/moono/readme.md,None
src/main/resources/static/plugins/ckeditor/styles.js,0
src/main/resources/static/plugins/colorpicker/bootstrap-colorpicker.css,None
src/main/resources/static/plugins/colorpicker/bootstrap-colorpicker.js,219
src/main/resources/static/plugins/colorpicker/bootstrap-colorpicker.min.css,None
src/main/resources/static/plugins/colorpicker/bootstrap-colorpicker.min.js,225
src/main/resources/static/plugins/datatables/dataTables.bootstrap.css,None
src/main/resources/static/plugins/datatables/dataTables.bootstrap.js,28
src/main/resources/static/plugins/datatables/dataTables.bootstrap.min.js,28
src/main/resources/static/plugins/datatables/extensions/AutoFill/Readme.txt,None
src/main/resources/static/plugins/datatables/extensions/AutoFill/css/dataTables.autoFill.css,None
src/main/resources/static/plugins/datatables/extensions/AutoFill/css/dataTables.autoFill.min.css,None
src/main/resources/static/plugins/datatables/extensions/AutoFill/examples/columns.html,None
src/main/resources/static/plugins/datatables/extensions/AutoFill/examples/complete-callback.html,None
src/main/resources/static/plugins/datatables/extensions/AutoFill/examples/fill-both.html,None
src/main/resources/static/plugins/datatables/extensions/AutoFill/examples/fill-horizontal.html,None
src/main/resources/static/plugins/datatables/extensions/AutoFill/examples/index.html,None
src/main/resources/static/plugins/datatables/extensions/AutoFill/examples/scrolling.html,None
src/main/resources/static/plugins/datatables/extensions/AutoFill/examples/simple.html,None
src/main/resources/static/plugins/datatables/extensions/AutoFill/examples/step-callback.html,None
src/main/resources/static/plugins/datatables/extensions/AutoFill/js/dataTables.autoFill.js,93
src/main/resources/static/plugins/datatables/extensions/AutoFill/js/dataTables.autoFill.min.js,93
src/main/resources/static/plugins/datatables/extensions/ColReorder/License.txt,None
src/main/resources/static/plugins/datatables/extensions/ColReorder/Readme.md,None
src/main/resources/static/plugins/datatables/extensions/ColReorder/css/dataTables.colReorder.css,None
src/main/resources/static/plugins/datatables/extensions/ColReorder/css/dataTables.colReorder.min.css,None
src/main/resources/static/plugins/datatables/extensions/ColReorder/examples/alt_insert.html,None
src/main/resources/static/plugins/datatables/extensions/ColReorder/examples/col_filter.html,None
src/main/resources/static/plugins/datatables/extensions/ColReorder/examples/colvis.html,None
src/main/resources/static/plugins/datatables/extensions/ColReorder/examples/fixedcolumns.html,None
src/main/resources/static/plugins/datatables/extensions/ColReorder/examples/fixedheader.html,None
src/main/resources/static/plugins/datatables/extensions/ColReorder/examples/index.html,None
src/main/resources/static/plugins/datatables/extensions/ColReorder/examples/jqueryui.html,None
src/main/resources/static/plugins/datatables/extensions/ColReorder/examples/new_init.html,None
src/main/resources/static/plugins/datatables/extensions/ColReorder/examples/predefined.html,None
src/main/resources/static/plugins/datatables/extensions/ColReorder/examples/realtime.html,None
src/main/resources/static/plugins/datatables/extensions/ColReorder/examples/reset.html,None
src/main/resources/static/plugins/datatables/extensions/ColReorder/examples/scrolling.html,None
src/main/resources/static/plugins/datatables/extensions/ColReorder/examples/server_side.html,None
src/main/resources/static/plugins/datatables/extensions/ColReorder/examples/simple.html,None
src/main/resources/static/plugins/datatables/extensions/ColReorder/examples/state_save.html,None
src/main/resources/static/plugins/datatables/extensions/ColReorder/js/dataTables.colReorder.js,155
src/main/resources/static/plugins/datatables/extensions/ColReorder/js/dataTables.colReorder.min.js,155
src/main/resources/static/plugins/datatables/extensions/ColVis/License.txt,None
src/main/resources/static/plugins/datatables/extensions/ColVis/Readme.md,None
src/main/resources/static/plugins/datatables/extensions/ColVis/css/dataTables.colVis.css,None
src/main/resources/static/plugins/datatables/extensions/ColVis/css/dataTables.colVis.min.css,None
src/main/resources/static/plugins/datatables/extensions/ColVis/css/dataTables.colvis.jqueryui.css,None
src/main/resources/static/plugins/datatables/extensions/ColVis/examples/button_order.html,None
src/main/resources/static/plugins/datatables/extensions/ColVis/examples/exclude_columns.html,None
src/main/resources/static/plugins/datatables/extensions/ColVis/examples/group_columns.html,None
src/main/resources/static/plugins/datatables/extensions/ColVis/examples/index.html,None
src/main/resources/static/plugins/datatables/extensions/ColVis/examples/jqueryui.html,None
src/main/resources/static/plugins/datatables/extensions/ColVis/examples/mouseover.html,None
src/main/resources/static/plugins/datatables/extensions/ColVis/examples/new_init.html,None
src/main/resources/static/plugins/datatables/extensions/ColVis/examples/restore.html,None
src/main/resources/static/plugins/datatables/extensions/ColVis/examples/simple.html,None
src/main/resources/static/plugins/datatables/extensions/ColVis/examples/text.html,None
src/main/resources/static/plugins/datatables/extensions/ColVis/examples/title_callback.html,None
src/main/resources/static/plugins/datatables/extensions/ColVis/examples/two_tables.html,None
src/main/resources/static/plugins/datatables/extensions/ColVis/examples/two_tables_identical.html,None
src/main/resources/static/plugins/datatables/extensions/ColVis/js/dataTables.colVis.js,128
src/main/resources/static/plugins/datatables/extensions/ColVis/js/dataTables.colVis.min.js,126
src/main/resources/static/plugins/datatables/extensions/FixedColumns/License.txt,None
src/main/resources/static/plugins/datatables/extensions/FixedColumns/Readme.md,None
src/main/resources/static/plugins/datatables/extensions/FixedColumns/css/dataTables.fixedColumns.css,None
src/main/resources/static/plugins/datatables/extensions/FixedColumns/css/dataTables.fixedColumns.min.css,None
src/main/resources/static/plugins/datatables/extensions/FixedColumns/examples/bootstrap.html,None
src/main/resources/static/plugins/datatables/extensions/FixedColumns/examples/col_filter.html,None
src/main/resources/static/plugins/datatables/extensions/FixedColumns/examples/colvis.html,None
src/main/resources/static/plugins/datatables/extensions/FixedColumns/examples/css_size.html,None
src/main/resources/static/plugins/datatables/extensions/FixedColumns/examples/index.html,None
src/main/resources/static/plugins/datatables/extensions/FixedColumns/examples/index_column.html,None
src/main/resources/static/plugins/datatables/extensions/FixedColumns/examples/left_right_columns.html,None
src/main/resources/static/plugins/datatables/extensions/FixedColumns/examples/right_column.html,None
src/main/resources/static/plugins/datatables/extensions/FixedColumns/examples/rowspan.html,None
src/main/resources/static/plugins/datatables/extensions/FixedColumns/examples/server-side-processing.html,None
src/main/resources/static/plugins/datatables/extensions/FixedColumns/examples/simple.html,None
src/main/resources/static/plugins/datatables/extensions/FixedColumns/examples/size_fixed.html,None
src/main/resources/static/plugins/datatables/extensions/FixedColumns/examples/size_fluid.html,None
src/main/resources/static/plugins/datatables/extensions/FixedColumns/examples/two_columns.html,None
src/main/resources/static/plugins/datatables/extensions/FixedColumns/js/dataTables.fixedColumns.js,136
src/main/resources/static/plugins/datatables/extensions/FixedColumns/js/dataTables.fixedColumns.min.js,136
src/main/resources/static/plugins/datatables/extensions/FixedHeader/Readme.txt,None
src/main/resources/static/plugins/datatables/extensions/FixedHeader/css/dataTables.fixedHeader.css,None
src/main/resources/static/plugins/datatables/extensions/FixedHeader/css/dataTables.fixedHeader.min.css,None
src/main/resources/static/plugins/datatables/extensions/FixedHeader/examples/header_footer.html,None
src/main/resources/static/plugins/datatables/extensions/FixedHeader/examples/index.html,None
src/main/resources/static/plugins/datatables/extensions/FixedHeader/examples/simple.html,None
src/main/resources/static/plugins/datatables/extensions/FixedHeader/examples/top_left_right.html,None
src/main/resources/static/plugins/datatables/extensions/FixedHeader/examples/two_tables.html,None
src/main/resources/static/plugins/datatables/extensions/FixedHeader/examples/zIndexes.html,None
src/main/resources/static/plugins/datatables/extensions/FixedHeader/js/dataTables.fixedHeader.js,117
src/main/resources/static/plugins/datatables/extensions/FixedHeader/js/dataTables.fixedHeader.min.js,117
src/main/resources/static/plugins/datatables/extensions/KeyTable/Readme.txt,None
src/main/resources/static/plugins/datatables/extensions/KeyTable/css/dataTables.keyTable.css,None
src/main/resources/static/plugins/datatables/extensions/KeyTable/css/dataTables.keyTable.min.css,None
src/main/resources/static/plugins/datatables/extensions/KeyTable/examples/events.html,None
src/main/resources/static/plugins/datatables/extensions/KeyTable/examples/html.html,None
src/main/resources/static/plugins/datatables/extensions/KeyTable/examples/index.html,None
src/main/resources/static/plugins/datatables/extensions/KeyTable/examples/scrolling.html,None
src/main/resources/static/plugins/datatables/extensions/KeyTable/examples/simple.html,None
src/main/resources/static/plugins/datatables/extensions/KeyTable/js/dataTables.keyTable.js,161
src/main/resources/static/plugins/datatables/extensions/KeyTable/js/dataTables.keyTable.min.js,156
src/main/resources/static/plugins/datatables/extensions/Responsive/License.txt,None
src/main/resources/static/plugins/datatables/extensions/Responsive/css/dataTables.responsive.css,None
src/main/resources/static/plugins/datatables/extensions/Responsive/css/dataTables.responsive.scss,None
src/main/resources/static/plugins/datatables/extensions/Responsive/examples/child-rows/column-control.html,None
src/main/resources/static/plugins/datatables/extensions/Responsive/examples/child-rows/custom-renderer.html,None
src/main/resources/static/plugins/datatables/extensions/Responsive/examples/child-rows/disable-child-rows.html,None
src/main/resources/static/plugins/datatables/extensions/Responsive/examples/child-rows/index.html,None
src/main/resources/static/plugins/datatables/extensions/Responsive/examples/child-rows/right-column.html,None
src/main/resources/static/plugins/datatables/extensions/Responsive/examples/child-rows/whole-row-control.html,None
src/main/resources/static/plugins/datatables/extensions/Responsive/examples/display-control/auto.html,None
src/main/resources/static/plugins/datatables/extensions/Responsive/examples/display-control/classes.html,None
src/main/resources/static/plugins/datatables/extensions/Responsive/examples/display-control/complexHeader.html,None
src/main/resources/static/plugins/datatables/extensions/Responsive/examples/display-control/fixedHeader.html,None
src/main/resources/static/plugins/datatables/extensions/Responsive/examples/display-control/index.html,None
src/main/resources/static/plugins/datatables/extensions/Responsive/examples/display-control/init-classes.html,None
src/main/resources/static/plugins/datatables/extensions/Responsive/examples/index.html,None
src/main/resources/static/plugins/datatables/extensions/Responsive/examples/initialisation/ajax.html,None
src/main/resources/static/plugins/datatables/extensions/Responsive/examples/initialisation/className.html,None
src/main/resources/static/plugins/datatables/extensions/Responsive/examples/initialisation/default.html,None
src/main/resources/static/plugins/datatables/extensions/Responsive/examples/initialisation/index.html,None
src/main/resources/static/plugins/datatables/extensions/Responsive/examples/initialisation/new.html,None
src/main/resources/static/plugins/datatables/extensions/Responsive/examples/initialisation/option.html,None
src/main/resources/static/plugins/datatables/extensions/Responsive/examples/styling/bootstrap.html,None
src/main/resources/static/plugins/datatables/extensions/Responsive/examples/styling/compact.html,None
src/main/resources/static/plugins/datatables/extensions/Responsive/examples/styling/foundation.html,None
src/main/resources/static/plugins/datatables/extensions/Responsive/examples/styling/index.html,None
src/main/resources/static/plugins/datatables/extensions/Responsive/examples/styling/scrolling.html,None
src/main/resources/static/plugins/datatables/extensions/Responsive/js/dataTables.responsive.js,140
src/main/resources/static/plugins/datatables/extensions/Responsive/js/dataTables.responsive.min.js,140
src/main/resources/static/plugins/datatables/extensions/Scroller/Readme.txt,None
src/main/resources/static/plugins/datatables/extensions/Scroller/css/dataTables.scroller.css,None
src/main/resources/static/plugins/datatables/extensions/Scroller/css/dataTables.scroller.min.css,None
src/main/resources/static/plugins/datatables/extensions/Scroller/examples/api_scrolling.html,None
src/main/resources/static/plugins/datatables/extensions/Scroller/examples/data/2500.txt,None
src/main/resources/static/plugins/datatables/extensions/Scroller/examples/data/ssp.php,0
src/main/resources/static/plugins/datatables/extensions/Scroller/examples/index.html,None
src/main/resources/static/plugins/datatables/extensions/Scroller/examples/large_js_source.html,None
src/main/resources/static/plugins/datatables/extensions/Scroller/examples/server-side_processing.html,None
src/main/resources/static/plugins/datatables/extensions/Scroller/examples/simple.html,None
src/main/resources/static/plugins/datatables/extensions/Scroller/examples/state_saving.html,None
src/main/resources/static/plugins/datatables/extensions/Scroller/js/dataTables.scroller.js,135
src/main/resources/static/plugins/datatables/extensions/Scroller/js/dataTables.scroller.min.js,133
src/main/resources/static/plugins/datatables/extensions/TableTools/Readme.md,None
src/main/resources/static/plugins/datatables/extensions/TableTools/css/dataTables.tableTools.css,None
src/main/resources/static/plugins/datatables/extensions/TableTools/css/dataTables.tableTools.min.css,None
src/main/resources/static/plugins/datatables/extensions/TableTools/examples/ajax.html,None
src/main/resources/static/plugins/datatables/extensions/TableTools/examples/alter_buttons.html,None
src/main/resources/static/plugins/datatables/extensions/TableTools/examples/bootstrap.html,None
src/main/resources/static/plugins/datatables/extensions/TableTools/examples/button_text.html,None
src/main/resources/static/plugins/datatables/extensions/TableTools/examples/collection.html,None
src/main/resources/static/plugins/datatables/extensions/TableTools/examples/defaults.html,None
src/main/resources/static/plugins/datatables/extensions/TableTools/examples/index.html,None
src/main/resources/static/plugins/datatables/extensions/TableTools/examples/jqueryui.html,None
src/main/resources/static/plugins/datatables/extensions/TableTools/examples/multi_instance.html,None
src/main/resources/static/plugins/datatables/extensions/TableTools/examples/multiple_tables.html,None
src/main/resources/static/plugins/datatables/extensions/TableTools/examples/new_init.html,None
src/main/resources/static/plugins/datatables/extensions/TableTools/examples/pdf_message.html,None
src/main/resources/static/plugins/datatables/extensions/TableTools/examples/plug-in.html,None
src/main/resources/static/plugins/datatables/extensions/TableTools/examples/select_column.html,None
src/main/resources/static/plugins/datatables/extensions/TableTools/examples/select_multi.html,None
src/main/resources/static/plugins/datatables/extensions/TableTools/examples/select_os.html,None
src/main/resources/static/plugins/datatables/extensions/TableTools/examples/select_single.html,None
src/main/resources/static/plugins/datatables/extensions/TableTools/examples/simple.html,None
src/main/resources/static/plugins/datatables/extensions/TableTools/examples/swf_path.html,None
src/main/resources/static/plugins/datatables/extensions/TableTools/js/dataTables.tableTools.js,448
src/main/resources/static/plugins/datatables/extensions/TableTools/js/dataTables.tableTools.min.js,445
src/main/resources/static/plugins/datatables/jquery.dataTables.css,None
src/main/resources/static/plugins/datatables/jquery.dataTables.js,637
src/main/resources/static/plugins/datatables/jquery.dataTables.min.css,None
src/main/resources/static/plugins/datatables/jquery.dataTables.min.js,565
src/main/resources/static/plugins/datatables/jquery.dataTables_themeroller.css,None
src/main/resources/static/plugins/datepicker/bootstrap-datepicker.js,453
src/main/resources/static/plugins/datepicker/datepicker3.css,None
src/main/resources/static/plugins/datepicker/locales/bootstrap-datepicker.ar.js,1
src/main/resources/static/plugins/datepicker/locales/bootstrap-datepicker.az.js,1
src/main/resources/static/plugins/datepicker/locales/bootstrap-datepicker.bg.js,1
src/main/resources/static/plugins/datepicker/locales/bootstrap-datepicker.ca.js,1
src/main/resources/static/plugins/datepicker/locales/bootstrap-datepicker.cs.js,1
src/main/resources/static/plugins/datepicker/locales/bootstrap-datepicker.cy.js,1
src/main/resources/static/plugins/datepicker/locales/bootstrap-datepicker.da.js,1
src/main/resources/static/plugins/datepicker/locales/bootstrap-datepicker.de.js,1
src/main/resources/static/plugins/datepicker/locales/bootstrap-datepicker.el.js,1
src/main/resources/static/plugins/datepicker/locales/bootstrap-datepicker.es.js,1
src/main/resources/static/plugins/datepicker/locales/bootstrap-datepicker.et.js,1
src/main/resources/static/plugins/datepicker/locales/bootstrap-datepicker.fa.js,1
src/main/resources/static/plugins/datepicker/locales/bootstrap-datepicker.fi.js,1
src/main/resources/static/plugins/datepicker/locales/bootstrap-datepicker.fr.js,1
src/main/resources/static/plugins/datepicker/locales/bootstrap-datepicker.gl.js,1
src/main/resources/static/plugins/datepicker/locales/bootstrap-datepicker.he.js,1
src/main/resources/static/plugins/datepicker/locales/bootstrap-datepicker.hr.js,1
src/main/resources/static/plugins/datepicker/locales/bootstrap-datepicker.hu.js,1
src/main/resources/static/plugins/datepicker/locales/bootstrap-datepicker.id.js,1
src/main/resources/static/plugins/datepicker/locales/bootstrap-datepicker.is.js,1
src/main/resources/static/plugins/datepicker/locales/bootstrap-datepicker.it.js,1
src/main/resources/static/plugins/datepicker/locales/bootstrap-datepicker.ja.js,1
src/main/resources/static/plugins/datepicker/locales/bootstrap-datepicker.ka.js,1
src/main/resources/static/plugins/datepicker/locales/bootstrap-datepicker.kk.js,1
src/main/resources/static/plugins/datepicker/locales/bootstrap-datepicker.kr.js,1
src/main/resources/static/plugins/datepicker/locales/bootstrap-datepicker.lt.js,1
src/main/resources/static/plugins/datepicker/locales/bootstrap-datepicker.lv.js,1
src/main/resources/static/plugins/datepicker/locales/bootstrap-datepicker.mk.js,1
src/main/resources/static/plugins/datepicker/locales/bootstrap-datepicker.ms.js,1
src/main/resources/static/plugins/datepicker/locales/bootstrap-datepicker.nb.js,1
src/main/resources/static/plugins/datepicker/locales/bootstrap-datepicker.nl-BE.js,1
src/main/resources/static/plugins/datepicker/locales/bootstrap-datepicker.nl.js,1
src/main/resources/static/plugins/datepicker/locales/bootstrap-datepicker.no.js,1
src/main/resources/static/plugins/datepicker/locales/bootstrap-datepicker.pl.js,1
src/main/resources/static/plugins/datepicker/locales/bootstrap-datepicker.pt-BR.js,1
src/main/resources/static/plugins/datepicker/locales/bootstrap-datepicker.pt.js,1
src/main/resources/static/plugins/datepicker/locales/bootstrap-datepicker.ro.js,1
src/main/resources/static/plugins/datepicker/locales/bootstrap-datepicker.rs-latin.js,1
src/main/resources/static/plugins/datepicker/locales/bootstrap-datepicker.rs.js,1
src/main/resources/static/plugins/datepicker/locales/bootstrap-datepicker.ru.js,1
src/main/resources/static/plugins/datepicker/locales/bootstrap-datepicker.sk.js,1
src/main/resources/static/plugins/datepicker/locales/bootstrap-datepicker.sl.js,1
src/main/resources/static/plugins/datepicker/locales/bootstrap-datepicker.sq.js,1
src/main/resources/static/plugins/datepicker/locales/bootstrap-datepicker.sv.js,1
src/main/resources/static/plugins/datepicker/locales/bootstrap-datepicker.sw.js,1
src/main/resources/static/plugins/datepicker/locales/bootstrap-datepicker.th.js,1
src/main/resources/static/plugins/datepicker/locales/bootstrap-datepicker.tr.js,1
src/main/resources/static/plugins/datepicker/locales/bootstrap-datepicker.ua.js,1
src/main/resources/static/plugins/datepicker/locales/bootstrap-datepicker.vi.js,1
src/main/resources/static/plugins/datepicker/locales/bootstrap-datepicker.zh-CN.js,1
src/main/resources/static/plugins/datepicker/locales/bootstrap-datepicker.zh-TW.js,1
src/main/resources/static/plugins/daterangepicker/daterangepicker-bs3.css,None
src/main/resources/static/plugins/daterangepicker/daterangepicker.js,339
src/main/resources/static/plugins/daterangepicker/moment.js,853
src/main/resources/static/plugins/daterangepicker/moment.min.js,853
src/main/resources/static/plugins/fastclick/fastclick.js,156
src/main/resources/static/plugins/fastclick/fastclick.min.js,175
src/main/resources/static/plugins/flot/excanvas.js,195
src/main/resources/static/plugins/flot/excanvas.min.js,195
src/main/resources/static/plugins/flot/jquery.colorhelpers.js,32
src/main/resources/static/plugins/flot/jquery.colorhelpers.min.js,32
src/main/resources/static/plugins/flot/jquery.flot.canvas.js,38
src/main/resources/static/plugins/flot/jquery.flot.canvas.min.js,38
src/main/resources/static/plugins/flot/jquery.flot.categories.js,42
src/main/resources/static/plugins/flot/jquery.flot.categories.min.js,42
src/main/resources/static/plugins/flot/jquery.flot.crosshair.js,23
src/main/resources/static/plugins/flot/jquery.flot.crosshair.min.js,23
src/main/resources/static/plugins/flot/jquery.flot.errorbars.js,75
src/main/resources/static/plugins/flot/jquery.flot.errorbars.min.js,75
src/main/resources/static/plugins/flot/jquery.flot.fillbetween.js,44
src/main/resources/static/plugins/flot/jquery.flot.fillbetween.min.js,37
src/main/resources/static/plugins/flot/jquery.flot.image.js,41
src/main/resources/static/plugins/flot/jquery.flot.image.min.js,39
src/main/resources/static/plugins/flot/jquery.flot.js,778
src/main/resources/static/plugins/flot/jquery.flot.min.js,761
src/main/resources/static/plugins/flot/jquery.flot.navigate.js,118
src/main/resources/static/plugins/flot/jquery.flot.navigate.min.js,118
src/main/resources/static/plugins/flot/jquery.flot.pie.js,130
src/main/resources/static/plugins/flot/jquery.flot.pie.min.js,130
src/main/resources/static/plugins/flot/jquery.flot.resize.js,46
src/main/resources/static/plugins/flot/jquery.flot.resize.min.js,46
src/main/resources/static/plugins/flot/jquery.flot.selection.js,64
src/main/resources/static/plugins/flot/jquery.flot.selection.min.js,64
src/main/resources/static/plugins/flot/jquery.flot.stack.js,46
src/main/resources/static/plugins/flot/jquery.flot.stack.min.js,38
src/main/resources/static/plugins/flot/jquery.flot.symbol.js,9
src/main/resources/static/plugins/flot/jquery.flot.symbol.min.js,9
src/main/resources/static/plugins/flot/jquery.flot.threshold.js,20
src/main/resources/static/plugins/flot/jquery.flot.threshold.min.js,20
src/main/resources/static/plugins/flot/jquery.flot.time.js,106
src/main/resources/static/plugins/flot/jquery.flot.time.min.js,106
src/main/resources/static/plugins/fullcalendar/fullcalendar.css,None
src/main/resources/static/plugins/fullcalendar/fullcalendar.js,1589
src/main/resources/static/plugins/fullcalendar/fullcalendar.min.css,None
src/main/resources/static/plugins/fullcalendar/fullcalendar.min.js,1589
src/main/resources/static/plugins/fullcalendar/fullcalendar.print.css,None
src/main/resources/static/plugins/iCheck/all.css,None
src/main/resources/static/plugins/iCheck/flat/_all.css,None
src/main/resources/static/plugins/iCheck/flat/aero.css,None
src/main/resources/static/plugins/iCheck/flat/blue.css,None
src/main/resources/static/plugins/iCheck/flat/flat.css,None
src/main/resources/static/plugins/iCheck/flat/green.css,None
src/main/resources/static/plugins/iCheck/flat/grey.css,None
src/main/resources/static/plugins/iCheck/flat/orange.css,None
src/main/resources/static/plugins/iCheck/flat/pink.css,None
src/main/resources/static/plugins/iCheck/flat/purple.css,None
src/main/resources/static/plugins/iCheck/flat/red.css,None
src/main/resources/static/plugins/iCheck/flat/yellow.css,None
src/main/resources/static/plugins/iCheck/futurico/futurico.css,None
src/main/resources/static/plugins/iCheck/icheck.js,131
src/main/resources/static/plugins/iCheck/icheck.min.js,131
src/main/resources/static/plugins/iCheck/line/_all.css,None
src/main/resources/static/plugins/iCheck/line/aero.css,None
src/main/resources/static/plugins/iCheck/line/blue.css,None
src/main/resources/static/plugins/iCheck/line/green.css,None
src/main/resources/static/plugins/iCheck/line/grey.css,None
src/main/resources/static/plugins/iCheck/line/line.css,None
src/main/resources/static/plugins/iCheck/line/orange.css,None
src/main/resources/static/plugins/iCheck/line/pink.css,None
src/main/resources/static/plugins/iCheck/line/purple.css,None
src/main/resources/static/plugins/iCheck/line/red.css,None
src/main/resources/static/plugins/iCheck/line/yellow.css,None
src/main/resources/static/plugins/iCheck/minimal/_all.css,None
src/main/resources/static/plugins/iCheck/minimal/aero.css,None
src/main/resources/static/plugins/iCheck/minimal/blue.css,None
src/main/resources/static/plugins/iCheck/minimal/green.css,None
src/main/resources/static/plugins/iCheck/minimal/grey.css,None
src/main/resources/static/plugins/iCheck/minimal/minimal.css,None
src/main/resources/static/plugins/iCheck/minimal/orange.css,None
src/main/resources/static/plugins/iCheck/minimal/pink.css,None
src/main/resources/static/plugins/iCheck/minimal/purple.css,None
src/main/resources/static/plugins/iCheck/minimal/red.css,None
src/main/resources/static/plugins/iCheck/minimal/yellow.css,None
src/main/resources/static/plugins/iCheck/polaris/polaris.css,None
src/main/resources/static/plugins/iCheck/square/_all.css,None
src/main/resources/static/plugins/iCheck/square/aero.css,None
src/main/resources/static/plugins/iCheck/square/blue.css,None
src/main/resources/static/plugins/iCheck/square/green.css,None
src/main/resources/static/plugins/iCheck/square/grey.css,None
src/main/resources/static/plugins/iCheck/square/orange.css,None
src/main/resources/static/plugins/iCheck/square/pink.css,None
src/main/resources/static/plugins/iCheck/square/purple.css,None
src/main/resources/static/plugins/iCheck/square/red.css,None
src/main/resources/static/plugins/iCheck/square/square.css,None
src/main/resources/static/plugins/iCheck/square/yellow.css,None
src/main/resources/static/plugins/input-mask/jquery.inputmask.date.extensions.js,102
src/main/resources/static/plugins/input-mask/jquery.inputmask.extensions.js,20
src/main/resources/static/plugins/input-mask/jquery.inputmask.js,609
src/main/resources/static/plugins/input-mask/jquery.inputmask.numeric.extensions.js,54
src/main/resources/static/plugins/input-mask/jquery.inputmask.phone.extensions.js,4
src/main/resources/static/plugins/input-mask/jquery.inputmask.regex.extensions.js,33
src/main/resources/static/plugins/input-mask/phone-codes/phone-be.json,None
src/main/resources/static/plugins/input-mask/phone-codes/phone-codes.json,None
src/main/resources/static/plugins/input-mask/phone-codes/readme.txt,None
src/main/resources/static/plugins/ionslider/ion.rangeSlider.css,None
src/main/resources/static/plugins/ionslider/ion.rangeSlider.min.js,415
src/main/resources/static/plugins/ionslider/ion.rangeSlider.skinFlat.css,None
src/main/resources/static/plugins/ionslider/ion.rangeSlider.skinNice.css,None
src/main/resources/static/plugins/jQuery/jQuery-2.2.0.min.js,462
src/main/resources/static/plugins/jQueryUI/jquery-ui.js,3984
src/main/resources/static/plugins/jQueryUI/jquery-ui.min.js,3535
src/main/resources/static/plugins/jvectormap/jquery-jvectormap-1.2.2.css,None
src/main/resources/static/plugins/jvectormap/jquery-jvectormap-1.2.2.min.js,407
src/main/resources/static/plugins/jvectormap/jquery-jvectormap-usa-en.js,0
src/main/resources/static/plugins/jvectormap/jquery-jvectormap-world-mill-en.js,0
src/main/resources/static/plugins/knob/jquery.knob.js,178
src/main/resources/static/plugins/morris/morris.css,None
src/main/resources/static/plugins/morris/morris.js,474
src/main/resources/static/plugins/morris/morris.min.js,473
src/main/resources/static/plugins/pace/pace.css,None
src/main/resources/static/plugins/pace/pace.js,243
src/main/resources/static/plugins/pace/pace.min.css,None
src/main/resources/static/plugins/pace/pace.min.js,243
src/main/resources/static/plugins/select2/i18n/ar.js,13
src/main/resources/static/plugins/select2/i18n/az.js,12
src/main/resources/static/plugins/select2/i18n/bg.js,15
src/main/resources/static/plugins/select2/i18n/ca.js,16
src/main/resources/static/plugins/select2/i18n/cs.js,24
src/main/resources/static/plugins/select2/i18n/da.js,14
src/main/resources/static/plugins/select2/i18n/de.js,13
src/main/resources/static/plugins/select2/i18n/en.js,15
src/main/resources/static/plugins/select2/i18n/es.js,16
src/main/resources/static/plugins/select2/i18n/et.js,15
src/main/resources/static/plugins/select2/i18n/eu.js,15
src/main/resources/static/plugins/select2/i18n/fa.js,13
src/main/resources/static/plugins/select2/i18n/fi.js,12
src/main/resources/static/plugins/select2/i18n/fr.js,15
src/main/resources/static/plugins/select2/i18n/gl.js,15
src/main/resources/static/plugins/select2/i18n/he.js,16
src/main/resources/static/plugins/select2/i18n/hi.js,14
src/main/resources/static/plugins/select2/i18n/hr.js,19
src/main/resources/static/plugins/select2/i18n/hu.js,12
src/main/resources/static/plugins/select2/i18n/id.js,13
src/main/resources/static/plugins/select2/i18n/is.js,14
src/main/resources/static/plugins/select2/i18n/it.js,15
src/main/resources/static/plugins/select2/i18n/ja.js,13
src/main/resources/static/plugins/select2/i18n/ko.js,13
src/main/resources/static/plugins/select2/i18n/lt.js,17
src/main/resources/static/plugins/select2/i18n/lv.js,15
src/main/resources/static/plugins/select2/i18n/mk.js,15
src/main/resources/static/plugins/select2/i18n/ms.js,13
src/main/resources/static/plugins/select2/i18n/nb.js,13
src/main/resources/static/plugins/select2/i18n/nl.js,15
src/main/resources/static/plugins/select2/i18n/pl.js,18
src/main/resources/static/plugins/select2/i18n/pt-BR.js,15
src/main/resources/static/plugins/select2/i18n/pt.js,15
src/main/resources/static/plugins/select2/i18n/ro.js,15
src/main/resources/static/plugins/select2/i18n/ru.js,19
src/main/resources/static/plugins/select2/i18n/sk.js,24
src/main/resources/static/plugins/select2/i18n/sr-Cyrl.js,20
src/main/resources/static/plugins/select2/i18n/sr.js,20
src/main/resources/static/plugins/select2/i18n/sv.js,13
src/main/resources/static/plugins/select2/i18n/th.js,12
src/main/resources/static/plugins/select2/i18n/tr.js,12
src/main/resources/static/plugins/select2/i18n/uk.js,19
src/main/resources/static/plugins/select2/i18n/vi.js,13
src/main/resources/static/plugins/select2/i18n/zh-CN.js,13
src/main/resources/static/plugins/select2/i18n/zh-TW.js,12
src/main/resources/static/plugins/select2/select2.css,None
src/main/resources/static/plugins/select2/select2.full.js,1030
src/main/resources/static/plugins/select2/select2.full.min.js,1030
src/main/resources/static/plugins/select2/select2.js,881
src/main/resources/static/plugins/select2/select2.min.css,None
src/main/resources/static/plugins/select2/select2.min.js,881
src/main/resources/static/plugins/slimScroll/jquery.slimscroll.js,73
src/main/resources/static/plugins/slimScroll/jquery.slimscroll.min.js,71
src/main/resources/static/plugins/sparkline/jquery.sparkline.js,648
src/main/resources/static/plugins/sparkline/jquery.sparkline.min.js,639
src/main/resources/static/plugins/timepicker/bootstrap-timepicker.css,None
src/main/resources/static/plugins/timepicker/bootstrap-timepicker.js,204
src/main/resources/static/plugins/timepicker/bootstrap-timepicker.min.css,None
src/main/resources/static/plugins/timepicker/bootstrap-timepicker.min.js,204
src/main/resources/static/plugins/validator.min.js,95
src/main/resources/templates/accesscontrol/list.html,None
src/main/resources/templates/coupons/form.html,None
src/main/resources/templates/coupons/list.html,None
src/main/resources/templates/customers/form.html,None
src/main/resources/templates/customers/list.html,None
src/main/resources/templates/dashboard/index.html,None
src/main/resources/templates/fragments/header.html,None
src/main/resources/templates/fragments/mainsidebar.html,None
src/main/resources/templates/layout.html,None
src/main/resources/templates/login.html,None
src/main/resources/templates/promotions/form.html,None
src/main/resources/templates/promotions/list.html,None
src/main/resources/templates/stores/form.html,None
src/main/resources/templates/stores/list.html,None
src/main/resources/templates/users/form.html,None
src/main/resources/templates/users/formpwd.html,None
src/main/resources/templates/users/list.html,None
src/test/java/br/ufc/great/sysrepotd/SistemApplicationTests.java,9
src/main/java/br/ufc/great/syspromocity/util/Constantes.java,0
src/main/resources/templates/promotions/formCoupons.html,None
src/main/resources/templates/promotions/formEdit.html,None
src/main/resources/templates/promotions/listCoupons.html,None
src/main/resources/templates/promotions/formEditCoupon.html,None
src/main/resources/templates/stores/formEditPromotion.html,None
src/main/resources/templates/stores/formPromotions.html,None
src/main/resources/templates/stores/listPromotions.html,None
src/main/resources/static/dist/css/estilo.css,None
src/main/resources/static/dist/js/infobox.js,11
src/main/resources/static/dist/js/mapa.js,8
src/main/resources/static/dist/js/markerclusterer.js,162
src/main/resources/static/dist/js/ufpimaps.json,None
src/main/java/br/ufc/great/syspromocity/model/Authorities.java,4
src/main/java/br/ufc/great/syspromocity/repository/AuthoritiesRepository.java,0
src/main/java/br/ufc/great/syspromocity/service/AuthoritiesService.java,2
src/main/resources/sql/popula.sql,None
src/main/resources/templates/accesscontrol/form.html,None
src/main/resources/templates/accesscontrol/formEdit.html,None
src/main/java/br/ufc/great/syspromocity/util/GeradorQRCode.java,6
src/main/java/br/ufc/great/syspromocity/util/ManipuladorDatas.java,1
src/main/java/br/ufc/great/syspromocity/controller/FileUploadController.java,7
src/main/resources/templates/updoads/uploadstatusview.html,None
src/main/resources/templates/updoads/uploadview.html,None
src/main/resources/templates/updoads/viewfileuploaded.html,None
src/main/resources/templates/coupons/all.html,None
src/main/resources/templates/users/listCoupons.html,None
src/main/resources/static/dist/js/mapsStores.json,None
src/main/resources/static/dist/js/ufpimaps.json,None
src/main/resources/sql/autorities.sql,None
src/main/resources/templates/users/listAllUsers.html,None
src/main/resources/templates/users/listFriends.html,None
src/main/resources/templates/users/formpwdProfile.html,None
src/main/resources/templates/uploads/formpwd.html,None
src/main/resources/templates/users/formImage.html,None
src/main/resources/templates/register.html,None
src/main/java/br/ufc/great/syspromocity/model/MyStores.java,5
src/main/java/br/ufc/great/syspromocity/repository/MyStoresRepository.java,0
src/main/java/br/ufc/great/syspromocity/service/MyStoresService.java,2
src/main/resources/templates/dashboard/indexStoreOwner.html,None
src/main/resources/templates/dashboard/indexUser.html,None
src/main/resources/templates/stores/formMyStore.html,None
src/main/resources/templates/stores/formPromotionsStoreOfUser.html,None
src/main/resources/templates/stores/formStoreOfUser.html,None
src/main/resources/templates/stores/listPromotionsStoreOfUser.html,None
src/main/resources/templates/stores/listStoresOfUser.html,None
