file,codechurn
coupons/3.png,0
coupons/4.png,0
coupons/45.png,0
coupons/46.png,0
coupons/47.png,0
coupons/48.png,0
coupons/5.png,0
coupons/6.png,0
coupons/cupom.png,0
users/16.png,0
users/17.png,0
src/main/java/br/ufc/great/syspromocity/controller/DashboardController.java,214
src/main/java/br/ufc/great/syspromocity/controller/PromotionController.java,352
src/main/java/br/ufc/great/syspromocity/controller/StoreController.java,543
src/main/java/br/ufc/great/syspromocity/security/WebSecurityConfig.java,90
src/main/resources/templates/dashboard/indexUser.html,76
src/main/resources/templates/fragments/mainsidebar.html,43
src/main/resources/templates/stores/formPromotionsStoreOfUser.html,89
src/main/resources/templates/stores/listPromotionsStoreOfUser.html,54
src/main/java/br/ufc/great/syspromocity/controller/UserController.java,482
src/main/java/br/ufc/great/syspromocity/model/MyStores.java,34
src/main/java/br/ufc/great/syspromocity/repository/MyStoresRepository.java,12
src/main/java/br/ufc/great/syspromocity/service/MyStoresService.java,26
src/main/resources/static/dist/js/mapa.js,71
src/main/resources/templates/accesscontrol/form.html,46
src/main/resources/templates/accesscontrol/formEdit.html,45
src/main/resources/templates/dashboard/index.html,118
src/main/resources/templates/dashboard/indexStoreOwner.html,78
src/main/resources/templates/stores/formMyStore.html,96
src/main/resources/templates/stores/formStoreOfUser.html,96
src/main/resources/templates/stores/listStoresOfUser.html,61
docs/Class Diagram SysPromocity.png,0
docs/Diagrama de Classes SysPromocity.asta,0
src/main/resources/templates/login.html,93
users/14.png,0
users/8.png,0
users/9.png,0
src/main/java/br/ufc/great/syspromocity/model/Users.java,195
src/main/resources/templates/users/formpwdProfile.html,111
src/main/resources/templates/register.html,124
pom.xml,85
src/main/java/br/ufc/great/syspromocity/controller/FileUploadController.java,142
src/main/java/br/ufc/great/syspromocity/util/Constantes.java,10
src/main/resources/templates/fragments/header.html,63
src/main/resources/templates/uploads/formpwd.html,98
src/main/resources/templates/uploads/uploadstatusview.html,16
src/main/resources/templates/uploads/uploadview.html,13
src/main/resources/templates/uploads/viewfileuploaded.html,10
src/main/resources/templates/users/form.html,63
src/main/resources/templates/users/formImage.html,46
src/main/resources/templates/users/formpwd.html,98
src/main/resources/templates/users/list.html,52
src/main/resources/templates/users/listAllUsers.html,47
src/main/resources/templates/users/listFriends.html,49
users/1.png,0
users/2.png,0
users/3.png,0
users/anonymous2.png,0
src/main/java/br/ufc/great/syspromocity/controller/AccessControlController.java,123
src/main/java/br/ufc/great/syspromocity/controller/CouponController.java,167
src/main/resources/templates/accesscontrol/list.html,47
src/main/resources/templates/coupons/all.html,48
src/main/resources/templates/users/listCoupons.html,42
src/main/resources/static/dist/img/anonymous2.png,0
src/main/resources/sql/autorities.sql,15
src/main/resources/sql/popula.sql,24
src/main/resources/sql/security.sql,19
src/main/resources/templates/promotions/list.html,48
src/main/resources/static/dist/js/mapsStores.json,102
src/main/resources/templates/coupons/form.html,50
src/main/java/br/ufc/great/syspromocity/model/Coupon.java,64
src/main/java/br/ufc/great/syspromocity/util/GeradorQRCode.java,77
coupons/36.png,0
coupons/38.png,0
coupons/39.png,0
coupons/40.png,0
coupons/41.png,0
coupons/42.png,0
coupons/43.png,0
coupons/44.png,0
src/main/java/br/ufc/great/syspromocity/SystemApplication.java,26
src/main/resources/application.properties,17
src/main/resources/templates/promotions/formEditCoupon.html,50
src/main/java/br/ufc/great/syspromocity/util/ManipuladorDatas.java,21
src/main/resources/static/dist/coupons/36.png,0
src/main/resources/static/dist/coupons/38.png,0
src/main/resources/static/dist/coupons/39.png,0
src/main/resources/templates/promotions/formCoupons.html,48
src/main/resources/templates/stores/formEditPromotion.html,72
src/main/resources/templates/stores/formPromotions.html,89
src/main/resources/templates/stores/listPromotions.html,54
src/main/java/br/ufc/great/syspromocity/repository/UsersRepository.java,17
src/main/java/br/ufc/great/syspromocity/service/AbstractService.java,61
src/main/java/br/ufc/great/syspromocity/service/UsersService.java,29
src/main/resources/templates/stores/list.html,71
src/main/java/br/ufc/great/syspromocity/model/AbstractModel.java,55
src/main/java/br/ufc/great/syspromocity/model/Authorities.java,23
src/main/java/br/ufc/great/syspromocity/repository/AuthoritiesRepository.java,11
src/main/java/br/ufc/great/syspromocity/service/AuthoritiesService.java,30
src/main/resources/static/dist/js/ufpimaps.json,142
src/main/resources/templates/stores/form.html,96
src/main/java/br/ufc/great/syspromocity/repository/CouponsRepository.java,13
src/main/java/br/ufc/great/syspromocity/service/CouponsService.java,37
src/main/resources/templates/promotions/listCoupons.html,51
README.md,117
src/main/resources/static/dist/css/estilo.css,3
src/main/resources/static/dist/img/m1.png,0
src/main/resources/static/dist/img/m2.png,0
src/main/resources/static/dist/img/m3.png,0
src/main/resources/static/dist/img/m4.png,0
src/main/resources/static/dist/img/m5.png,0
src/main/resources/static/dist/img/marcador.png,0
src/main/resources/static/dist/img/pin.png,0
src/main/resources/static/dist/js/infobox.js,1
src/main/resources/static/dist/js/markerclusterer.js,1315
src/main/resources/templates/promotions/formEdit.html,72
src/main/resources/templates/promotions/form.html,50
src/main/resources/static/dist/.DS_Store,0
src/.DS_Store,0
src/main/.DS_Store,0
src/main/java/br/ufc/great/syspromocity/MvcConfig.java,21
src/main/java/br/ufc/great/syspromocity/controller/CustomerController.java,85
src/main/java/br/ufc/great/syspromocity/model/Customers.java,58
src/main/java/br/ufc/great/syspromocity/model/Promotion.java,64
src/main/java/br/ufc/great/syspromocity/model/Store.java,97
src/main/java/br/ufc/great/syspromocity/repository/CustomersRepository.java,16
src/main/java/br/ufc/great/syspromocity/repository/PromotionsRepository.java,12
src/main/java/br/ufc/great/syspromocity/repository/StoresRepository.java,12
src/main/java/br/ufc/great/syspromocity/service/CustomersService.java,26
src/main/java/br/ufc/great/syspromocity/service/PromotionsService.java,27
src/main/java/br/ufc/great/syspromocity/service/StoresService.java,27
src/main/java/br/ufc/great/syspromocity/util/GeradorSenha.java,33
src/main/resources/static/SysRepoTDAdmin.png,0
src/main/resources/static/bootstrap/css/bootstrap.css,6760
src/main/resources/static/bootstrap/css/bootstrap.css.map,1
src/main/resources/static/bootstrap/css/bootstrap.min.css,6
src/main/resources/static/bootstrap/css/bootstrap.min.css.map,1
src/main/resources/static/bootstrap/fonts/glyphicons-halflings-regular.eot,0
src/main/resources/static/bootstrap/fonts/glyphicons-halflings-regular.svg,288
src/main/resources/static/bootstrap/fonts/glyphicons-halflings-regular.ttf,0
src/main/resources/static/bootstrap/fonts/glyphicons-halflings-regular.woff,0
src/main/resources/static/bootstrap/fonts/glyphicons-halflings-regular.woff2,0
src/main/resources/static/bootstrap/js/bootstrap.js,2363
src/main/resources/static/bootstrap/js/bootstrap.min.js,7
src/main/resources/static/bootstrap/js/npm.js,13
src/main/resources/static/dist/css/AdminLTE.css,4915
src/main/resources/static/dist/css/AdminLTE.min.css,7
src/main/resources/static/dist/css/skins/_all-skins.css,1806
src/main/resources/static/dist/css/skins/_all-skins.min.css,1
src/main/resources/static/dist/css/skins/skin-black-light.css,176
src/main/resources/static/dist/css/skins/skin-black-light.min.css,1
src/main/resources/static/dist/css/skins/skin-black.css,161
src/main/resources/static/dist/css/skins/skin-black.min.css,1
src/main/resources/static/dist/css/skins/skin-blue-light.css,167
src/main/resources/static/dist/css/skins/skin-blue-light.min.css,1
src/main/resources/static/dist/css/skins/skin-blue.css,142
src/main/resources/static/dist/css/skins/skin-blue.min.css,1
src/main/resources/static/dist/css/skins/skin-green-light.css,156
src/main/resources/static/dist/css/skins/skin-green-light.min.css,1
src/main/resources/static/dist/css/skins/skin-green.css,134
src/main/resources/static/dist/css/skins/skin-green.min.css,1
src/main/resources/static/dist/css/skins/skin-purple-light.css,156
src/main/resources/static/dist/css/skins/skin-purple-light.min.css,1
src/main/resources/static/dist/css/skins/skin-purple.css,134
src/main/resources/static/dist/css/skins/skin-purple.min.css,1
src/main/resources/static/dist/css/skins/skin-red-light.css,156
src/main/resources/static/dist/css/skins/skin-red-light.min.css,1
src/main/resources/static/dist/css/skins/skin-red.css,134
src/main/resources/static/dist/css/skins/skin-red.min.css,1
src/main/resources/static/dist/css/skins/skin-yellow-light.css,156
src/main/resources/static/dist/css/skins/skin-yellow-light.min.css,1
src/main/resources/static/dist/css/skins/skin-yellow.css,134
src/main/resources/static/dist/css/skins/skin-yellow.min.css,1
src/main/resources/static/dist/img/avatar.png,0
src/main/resources/static/dist/img/avatar04.png,0
src/main/resources/static/dist/img/avatar2.png,0
src/main/resources/static/dist/img/avatar3.png,0
src/main/resources/static/dist/img/avatar5.png,0
src/main/resources/static/dist/img/boxed-bg.jpg,0
src/main/resources/static/dist/img/boxed-bg.png,0
src/main/resources/static/dist/img/credit/american-express.png,0
src/main/resources/static/dist/img/credit/cirrus.png,0
src/main/resources/static/dist/img/credit/mastercard.png,0
src/main/resources/static/dist/img/credit/mestro.png,0
src/main/resources/static/dist/img/credit/paypal.png,0
src/main/resources/static/dist/img/credit/paypal2.png,0
src/main/resources/static/dist/img/credit/visa.png,0
src/main/resources/static/dist/img/default-50x50.gif,0
src/main/resources/static/dist/img/icons.png,0
src/main/resources/static/dist/img/photo1.png,0
src/main/resources/static/dist/img/photo2.png,0
src/main/resources/static/dist/img/photo3.jpg,0
src/main/resources/static/dist/img/photo4.jpg,0
src/main/resources/static/dist/img/user1-128x128.jpg,0
src/main/resources/static/dist/img/user2-160x160.jpg,0
src/main/resources/static/dist/img/user3-128x128.jpg,0
src/main/resources/static/dist/img/user4-128x128.jpg,0
src/main/resources/static/dist/img/user5-128x128.jpg,0
src/main/resources/static/dist/img/user6-128x128.jpg,0
src/main/resources/static/dist/img/user7-128x128.jpg,0
src/main/resources/static/dist/img/user8-128x128.jpg,0
src/main/resources/static/dist/js/app.js,758
src/main/resources/static/dist/js/app.min.js,13
src/main/resources/static/dist/js/demo.js,338
src/main/resources/static/dist/js/pages/dashboard.js,210
src/main/resources/static/dist/js/pages/dashboard2.js,274
src/main/resources/static/plugins/bootstrap-slider/bootstrap-slider.js,1576
src/main/resources/static/plugins/bootstrap-slider/slider.css,282
src/main/resources/static/plugins/bootstrap-wysihtml5/bootstrap3-wysihtml5.all.js,14975
src/main/resources/static/plugins/bootstrap-wysihtml5/bootstrap3-wysihtml5.all.min.js,8
src/main/resources/static/plugins/bootstrap-wysihtml5/bootstrap3-wysihtml5.css,117
src/main/resources/static/plugins/bootstrap-wysihtml5/bootstrap3-wysihtml5.min.css,3
src/main/resources/static/plugins/chartjs/Chart.js,3477
src/main/resources/static/plugins/chartjs/Chart.min.js,11
src/main/resources/static/plugins/ckeditor/CHANGES.md,1053
src/main/resources/static/plugins/ckeditor/LICENSE.md,1420
src/main/resources/static/plugins/ckeditor/README.md,39
src/main/resources/static/plugins/ckeditor/adapters/jquery.js,10
src/main/resources/static/plugins/ckeditor/build-config.js,159
src/main/resources/static/plugins/ckeditor/ckeditor.js,1010
src/main/resources/static/plugins/ckeditor/config.js,38
src/main/resources/static/plugins/ckeditor/contents.css,132
src/main/resources/static/plugins/ckeditor/lang/af.js,5
src/main/resources/static/plugins/ckeditor/lang/ar.js,5
src/main/resources/static/plugins/ckeditor/lang/bg.js,5
src/main/resources/static/plugins/ckeditor/lang/bn.js,5
src/main/resources/static/plugins/ckeditor/lang/bs.js,5
src/main/resources/static/plugins/ckeditor/lang/ca.js,5
src/main/resources/static/plugins/ckeditor/lang/cs.js,5
src/main/resources/static/plugins/ckeditor/lang/cy.js,5
src/main/resources/static/plugins/ckeditor/lang/da.js,5
src/main/resources/static/plugins/ckeditor/lang/de-ch.js,5
src/main/resources/static/plugins/ckeditor/lang/de.js,5
src/main/resources/static/plugins/ckeditor/lang/el.js,5
src/main/resources/static/plugins/ckeditor/lang/en-au.js,5
src/main/resources/static/plugins/ckeditor/lang/en-ca.js,5
src/main/resources/static/plugins/ckeditor/lang/en-gb.js,5
src/main/resources/static/plugins/ckeditor/lang/en.js,5
src/main/resources/static/plugins/ckeditor/lang/eo.js,5
src/main/resources/static/plugins/ckeditor/lang/es.js,5
src/main/resources/static/plugins/ckeditor/lang/et.js,5
src/main/resources/static/plugins/ckeditor/lang/eu.js,5
src/main/resources/static/plugins/ckeditor/lang/fa.js,5
src/main/resources/static/plugins/ckeditor/lang/fi.js,5
src/main/resources/static/plugins/ckeditor/lang/fo.js,5
src/main/resources/static/plugins/ckeditor/lang/fr-ca.js,5
src/main/resources/static/plugins/ckeditor/lang/fr.js,5
src/main/resources/static/plugins/ckeditor/lang/gl.js,5
src/main/resources/static/plugins/ckeditor/lang/gu.js,5
src/main/resources/static/plugins/ckeditor/lang/he.js,5
src/main/resources/static/plugins/ckeditor/lang/hi.js,5
src/main/resources/static/plugins/ckeditor/lang/hr.js,5
src/main/resources/static/plugins/ckeditor/lang/hu.js,5
src/main/resources/static/plugins/ckeditor/lang/id.js,5
src/main/resources/static/plugins/ckeditor/lang/is.js,5
src/main/resources/static/plugins/ckeditor/lang/it.js,5
src/main/resources/static/plugins/ckeditor/lang/ja.js,5
src/main/resources/static/plugins/ckeditor/lang/ka.js,5
src/main/resources/static/plugins/ckeditor/lang/km.js,5
src/main/resources/static/plugins/ckeditor/lang/ko.js,5
src/main/resources/static/plugins/ckeditor/lang/ku.js,5
src/main/resources/static/plugins/ckeditor/lang/lt.js,5
src/main/resources/static/plugins/ckeditor/lang/lv.js,5
src/main/resources/static/plugins/ckeditor/lang/mk.js,5
src/main/resources/static/plugins/ckeditor/lang/mn.js,5
src/main/resources/static/plugins/ckeditor/lang/ms.js,5
src/main/resources/static/plugins/ckeditor/lang/nb.js,5
src/main/resources/static/plugins/ckeditor/lang/nl.js,5
src/main/resources/static/plugins/ckeditor/lang/no.js,5
src/main/resources/static/plugins/ckeditor/lang/pl.js,5
src/main/resources/static/plugins/ckeditor/lang/pt-br.js,5
src/main/resources/static/plugins/ckeditor/lang/pt.js,5
src/main/resources/static/plugins/ckeditor/lang/ro.js,5
src/main/resources/static/plugins/ckeditor/lang/ru.js,5
src/main/resources/static/plugins/ckeditor/lang/si.js,5
src/main/resources/static/plugins/ckeditor/lang/sk.js,5
src/main/resources/static/plugins/ckeditor/lang/sl.js,5
src/main/resources/static/plugins/ckeditor/lang/sq.js,5
src/main/resources/static/plugins/ckeditor/lang/sr-latn.js,5
src/main/resources/static/plugins/ckeditor/lang/sr.js,5
src/main/resources/static/plugins/ckeditor/lang/sv.js,5
src/main/resources/static/plugins/ckeditor/lang/th.js,5
src/main/resources/static/plugins/ckeditor/lang/tr.js,5
src/main/resources/static/plugins/ckeditor/lang/tt.js,5
src/main/resources/static/plugins/ckeditor/lang/ug.js,5
src/main/resources/static/plugins/ckeditor/lang/uk.js,5
src/main/resources/static/plugins/ckeditor/lang/vi.js,5
src/main/resources/static/plugins/ckeditor/lang/zh-cn.js,5
src/main/resources/static/plugins/ckeditor/lang/zh.js,5
src/main/resources/static/plugins/ckeditor/plugins/a11yhelp/dialogs/a11yhelp.js,10
src/main/resources/static/plugins/ckeditor/plugins/a11yhelp/dialogs/lang/_translationstatus.txt,25
src/main/resources/static/plugins/ckeditor/plugins/a11yhelp/dialogs/lang/af.js,11
src/main/resources/static/plugins/ckeditor/plugins/a11yhelp/dialogs/lang/ar.js,11
src/main/resources/static/plugins/ckeditor/plugins/a11yhelp/dialogs/lang/bg.js,11
src/main/resources/static/plugins/ckeditor/plugins/a11yhelp/dialogs/lang/ca.js,12
src/main/resources/static/plugins/ckeditor/plugins/a11yhelp/dialogs/lang/cs.js,12
src/main/resources/static/plugins/ckeditor/plugins/a11yhelp/dialogs/lang/cy.js,11
src/main/resources/static/plugins/ckeditor/plugins/a11yhelp/dialogs/lang/da.js,11
src/main/resources/static/plugins/ckeditor/plugins/a11yhelp/dialogs/lang/de-ch.js,12
src/main/resources/static/plugins/ckeditor/plugins/a11yhelp/dialogs/lang/de.js,12
src/main/resources/static/plugins/ckeditor/plugins/a11yhelp/dialogs/lang/el.js,12
src/main/resources/static/plugins/ckeditor/plugins/a11yhelp/dialogs/lang/en-gb.js,11
src/main/resources/static/plugins/ckeditor/plugins/a11yhelp/dialogs/lang/en.js,11
src/main/resources/static/plugins/ckeditor/plugins/a11yhelp/dialogs/lang/eo.js,13
src/main/resources/static/plugins/ckeditor/plugins/a11yhelp/dialogs/lang/es.js,12
src/main/resources/static/plugins/ckeditor/plugins/a11yhelp/dialogs/lang/et.js,11
src/main/resources/static/plugins/ckeditor/plugins/a11yhelp/dialogs/lang/eu.js,12
src/main/resources/static/plugins/ckeditor/plugins/a11yhelp/dialogs/lang/fa.js,11
src/main/resources/static/plugins/ckeditor/plugins/a11yhelp/dialogs/lang/fi.js,11
src/main/resources/static/plugins/ckeditor/plugins/a11yhelp/dialogs/lang/fo.js,11
src/main/resources/static/plugins/ckeditor/plugins/a11yhelp/dialogs/lang/fr-ca.js,11
src/main/resources/static/plugins/ckeditor/plugins/a11yhelp/dialogs/lang/fr.js,12
src/main/resources/static/plugins/ckeditor/plugins/a11yhelp/dialogs/lang/gl.js,12
src/main/resources/static/plugins/ckeditor/plugins/a11yhelp/dialogs/lang/gu.js,11
src/main/resources/static/plugins/ckeditor/plugins/a11yhelp/dialogs/lang/he.js,11
src/main/resources/static/plugins/ckeditor/plugins/a11yhelp/dialogs/lang/hi.js,11
src/main/resources/static/plugins/ckeditor/plugins/a11yhelp/dialogs/lang/hr.js,11
src/main/resources/static/plugins/ckeditor/plugins/a11yhelp/dialogs/lang/hu.js,12
src/main/resources/static/plugins/ckeditor/plugins/a11yhelp/dialogs/lang/id.js,11
src/main/resources/static/plugins/ckeditor/plugins/a11yhelp/dialogs/lang/it.js,13
src/main/resources/static/plugins/ckeditor/plugins/a11yhelp/dialogs/lang/ja.js,9
src/main/resources/static/plugins/ckeditor/plugins/a11yhelp/dialogs/lang/km.js,11
src/main/resources/static/plugins/ckeditor/plugins/a11yhelp/dialogs/lang/ko.js,10
src/main/resources/static/plugins/ckeditor/plugins/a11yhelp/dialogs/lang/ku.js,11
src/main/resources/static/plugins/ckeditor/plugins/a11yhelp/dialogs/lang/lt.js,11
src/main/resources/static/plugins/ckeditor/plugins/a11yhelp/dialogs/lang/lv.js,12
src/main/resources/static/plugins/ckeditor/plugins/a11yhelp/dialogs/lang/mk.js,11
src/main/resources/static/plugins/ckeditor/plugins/a11yhelp/dialogs/lang/mn.js,11
src/main/resources/static/plugins/ckeditor/plugins/a11yhelp/dialogs/lang/nb.js,12
src/main/resources/static/plugins/ckeditor/plugins/a11yhelp/dialogs/lang/nl.js,11
src/main/resources/static/plugins/ckeditor/plugins/a11yhelp/dialogs/lang/no.js,11
src/main/resources/static/plugins/ckeditor/plugins/a11yhelp/dialogs/lang/pl.js,13
src/main/resources/static/plugins/ckeditor/plugins/a11yhelp/dialogs/lang/pt-br.js,13
src/main/resources/static/plugins/ckeditor/plugins/a11yhelp/dialogs/lang/pt.js,12
src/main/resources/static/plugins/ckeditor/plugins/a11yhelp/dialogs/lang/ro.js,11
src/main/resources/static/plugins/ckeditor/plugins/a11yhelp/dialogs/lang/ru.js,11
src/main/resources/static/plugins/ckeditor/plugins/a11yhelp/dialogs/lang/si.js,10
src/main/resources/static/plugins/ckeditor/plugins/a11yhelp/dialogs/lang/sk.js,11
src/main/resources/static/plugins/ckeditor/plugins/a11yhelp/dialogs/lang/sl.js,11
src/main/resources/static/plugins/ckeditor/plugins/a11yhelp/dialogs/lang/sq.js,11
src/main/resources/static/plugins/ckeditor/plugins/a11yhelp/dialogs/lang/sr-latn.js,11
src/main/resources/static/plugins/ckeditor/plugins/a11yhelp/dialogs/lang/sr.js,11
src/main/resources/static/plugins/ckeditor/plugins/a11yhelp/dialogs/lang/sv.js,11
src/main/resources/static/plugins/ckeditor/plugins/a11yhelp/dialogs/lang/th.js,11
src/main/resources/static/plugins/ckeditor/plugins/a11yhelp/dialogs/lang/tr.js,12
src/main/resources/static/plugins/ckeditor/plugins/a11yhelp/dialogs/lang/tt.js,11
src/main/resources/static/plugins/ckeditor/plugins/a11yhelp/dialogs/lang/ug.js,12
src/main/resources/static/plugins/ckeditor/plugins/a11yhelp/dialogs/lang/uk.js,12
src/main/resources/static/plugins/ckeditor/plugins/a11yhelp/dialogs/lang/vi.js,11
src/main/resources/static/plugins/ckeditor/plugins/a11yhelp/dialogs/lang/zh-cn.js,9
src/main/resources/static/plugins/ckeditor/plugins/a11yhelp/dialogs/lang/zh.js,9
src/main/resources/static/plugins/ckeditor/plugins/about/dialogs/about.js,7
src/main/resources/static/plugins/ckeditor/plugins/about/dialogs/hidpi/logo_ckeditor.png,0
src/main/resources/static/plugins/ckeditor/plugins/about/dialogs/logo_ckeditor.png,0
src/main/resources/static/plugins/ckeditor/plugins/clipboard/dialogs/paste.js,12
src/main/resources/static/plugins/ckeditor/plugins/dialog/dialogDefinition.js,4
src/main/resources/static/plugins/ckeditor/plugins/icons.png,0
src/main/resources/static/plugins/ckeditor/plugins/icons_hidpi.png,0
src/main/resources/static/plugins/ckeditor/plugins/image/dialogs/image.js,44
src/main/resources/static/plugins/ckeditor/plugins/image/images/noimage.png,0
src/main/resources/static/plugins/ckeditor/plugins/link/dialogs/anchor.js,7
src/main/resources/static/plugins/ckeditor/plugins/link/dialogs/link.js,26
src/main/resources/static/plugins/ckeditor/plugins/link/images/anchor.png,0
src/main/resources/static/plugins/ckeditor/plugins/link/images/hidpi/anchor.png,0
src/main/resources/static/plugins/ckeditor/plugins/magicline/images/hidpi/icon-rtl.png,0
src/main/resources/static/plugins/ckeditor/plugins/magicline/images/hidpi/icon.png,0
src/main/resources/static/plugins/ckeditor/plugins/magicline/images/icon-rtl.png,0
src/main/resources/static/plugins/ckeditor/plugins/magicline/images/icon.png,0
src/main/resources/static/plugins/ckeditor/plugins/pastefromword/filter/default.js,32
src/main/resources/static/plugins/ckeditor/plugins/scayt/CHANGELOG.md,20
src/main/resources/static/plugins/ckeditor/plugins/scayt/LICENSE.md,28
src/main/resources/static/plugins/ckeditor/plugins/scayt/README.md,25
src/main/resources/static/plugins/ckeditor/plugins/scayt/dialogs/options.js,19
src/main/resources/static/plugins/ckeditor/plugins/scayt/dialogs/toolbar.css,71
src/main/resources/static/plugins/ckeditor/plugins/specialchar/dialogs/lang/_translationstatus.txt,20
src/main/resources/static/plugins/ckeditor/plugins/specialchar/dialogs/lang/af.js,13
src/main/resources/static/plugins/ckeditor/plugins/specialchar/dialogs/lang/ar.js,13
src/main/resources/static/plugins/ckeditor/plugins/specialchar/dialogs/lang/bg.js,13
src/main/resources/static/plugins/ckeditor/plugins/specialchar/dialogs/lang/ca.js,14
src/main/resources/static/plugins/ckeditor/plugins/specialchar/dialogs/lang/cs.js,13
src/main/resources/static/plugins/ckeditor/plugins/specialchar/dialogs/lang/cy.js,14
src/main/resources/static/plugins/ckeditor/plugins/specialchar/dialogs/lang/da.js,11
src/main/resources/static/plugins/ckeditor/plugins/specialchar/dialogs/lang/de-ch.js,13
src/main/resources/static/plugins/ckeditor/plugins/specialchar/dialogs/lang/de.js,13
src/main/resources/static/plugins/ckeditor/plugins/specialchar/dialogs/lang/el.js,13
src/main/resources/static/plugins/ckeditor/plugins/specialchar/dialogs/lang/en-gb.js,13
src/main/resources/static/plugins/ckeditor/plugins/specialchar/dialogs/lang/en.js,13
src/main/resources/static/plugins/ckeditor/plugins/specialchar/dialogs/lang/eo.js,12
src/main/resources/static/plugins/ckeditor/plugins/specialchar/dialogs/lang/es.js,13
src/main/resources/static/plugins/ckeditor/plugins/specialchar/dialogs/lang/et.js,13
src/main/resources/static/plugins/ckeditor/plugins/specialchar/dialogs/lang/eu.js,13
src/main/resources/static/plugins/ckeditor/plugins/specialchar/dialogs/lang/fa.js,12
src/main/resources/static/plugins/ckeditor/plugins/specialchar/dialogs/lang/fi.js,13
src/main/resources/static/plugins/ckeditor/plugins/specialchar/dialogs/lang/fr-ca.js,10
src/main/resources/static/plugins/ckeditor/plugins/specialchar/dialogs/lang/fr.js,11
src/main/resources/static/plugins/ckeditor/plugins/specialchar/dialogs/lang/gl.js,13
src/main/resources/static/plugins/ckeditor/plugins/specialchar/dialogs/lang/he.js,12
src/main/resources/static/plugins/ckeditor/plugins/specialchar/dialogs/lang/hr.js,13
src/main/resources/static/plugins/ckeditor/plugins/specialchar/dialogs/lang/hu.js,12
src/main/resources/static/plugins/ckeditor/plugins/specialchar/dialogs/lang/id.js,13
src/main/resources/static/plugins/ckeditor/plugins/specialchar/dialogs/lang/it.js,14
src/main/resources/static/plugins/ckeditor/plugins/specialchar/dialogs/lang/ja.js,9
src/main/resources/static/plugins/ckeditor/plugins/specialchar/dialogs/lang/km.js,13
src/main/resources/static/plugins/ckeditor/plugins/specialchar/dialogs/lang/ko.js,10
src/main/resources/static/plugins/ckeditor/plugins/specialchar/dialogs/lang/ku.js,13
src/main/resources/static/plugins/ckeditor/plugins/specialchar/dialogs/lang/lt.js,13
src/main/resources/static/plugins/ckeditor/plugins/specialchar/dialogs/lang/lv.js,13
src/main/resources/static/plugins/ckeditor/plugins/specialchar/dialogs/lang/nb.js,11
src/main/resources/static/plugins/ckeditor/plugins/specialchar/dialogs/lang/nl.js,13
src/main/resources/static/plugins/ckeditor/plugins/specialchar/dialogs/lang/no.js,11
src/main/resources/static/plugins/ckeditor/plugins/specialchar/dialogs/lang/pl.js,12
src/main/resources/static/plugins/ckeditor/plugins/specialchar/dialogs/lang/pt-br.js,11
src/main/resources/static/plugins/ckeditor/plugins/specialchar/dialogs/lang/pt.js,13
src/main/resources/static/plugins/ckeditor/plugins/specialchar/dialogs/lang/ru.js,13
src/main/resources/static/plugins/ckeditor/plugins/specialchar/dialogs/lang/si.js,13
src/main/resources/static/plugins/ckeditor/plugins/specialchar/dialogs/lang/sk.js,13
src/main/resources/static/plugins/ckeditor/plugins/specialchar/dialogs/lang/sl.js,12
src/main/resources/static/plugins/ckeditor/plugins/specialchar/dialogs/lang/sq.js,13
src/main/resources/static/plugins/ckeditor/plugins/specialchar/dialogs/lang/sv.js,11
src/main/resources/static/plugins/ckeditor/plugins/specialchar/dialogs/lang/th.js,13
src/main/resources/static/plugins/ckeditor/plugins/specialchar/dialogs/lang/tr.js,12
src/main/resources/static/plugins/ckeditor/plugins/specialchar/dialogs/lang/tt.js,13
src/main/resources/static/plugins/ckeditor/plugins/specialchar/dialogs/lang/ug.js,13
src/main/resources/static/plugins/ckeditor/plugins/specialchar/dialogs/lang/uk.js,12
src/main/resources/static/plugins/ckeditor/plugins/specialchar/dialogs/lang/vi.js,14
src/main/resources/static/plugins/ckeditor/plugins/specialchar/dialogs/lang/zh-cn.js,9
src/main/resources/static/plugins/ckeditor/plugins/specialchar/dialogs/lang/zh.js,9
src/main/resources/static/plugins/ckeditor/plugins/specialchar/dialogs/specialchar.js,14
src/main/resources/static/plugins/ckeditor/plugins/table/dialogs/table.js,21
src/main/resources/static/plugins/ckeditor/plugins/tabletools/dialogs/tableCell.js,17
src/main/resources/static/plugins/ckeditor/plugins/wsc/LICENSE.md,28
src/main/resources/static/plugins/ckeditor/plugins/wsc/README.md,25
src/main/resources/static/plugins/ckeditor/plugins/wsc/dialogs/ciframe.html,66
src/main/resources/static/plugins/ckeditor/plugins/wsc/dialogs/tmpFrameset.html,52
src/main/resources/static/plugins/ckeditor/plugins/wsc/dialogs/wsc.css,82
src/main/resources/static/plugins/ckeditor/plugins/wsc/dialogs/wsc.js,92
src/main/resources/static/plugins/ckeditor/plugins/wsc/dialogs/wsc_ie.js,11
src/main/resources/static/plugins/ckeditor/samples/css/samples.css,1640
src/main/resources/static/plugins/ckeditor/samples/img/github-top.png,0
src/main/resources/static/plugins/ckeditor/samples/img/header-bg.png,0
src/main/resources/static/plugins/ckeditor/samples/img/header-separator.png,0
src/main/resources/static/plugins/ckeditor/samples/img/logo.png,0
src/main/resources/static/plugins/ckeditor/samples/img/navigation-tip.png,0
src/main/resources/static/plugins/ckeditor/samples/index.html,128
src/main/resources/static/plugins/ckeditor/samples/js/sample.js,53
src/main/resources/static/plugins/ckeditor/samples/js/sf.js,17
src/main/resources/static/plugins/ckeditor/samples/old/ajax.html,85
src/main/resources/static/plugins/ckeditor/samples/old/api.html,210
src/main/resources/static/plugins/ckeditor/samples/old/appendto.html,59
src/main/resources/static/plugins/ckeditor/samples/old/assets/inlineall/logo.png,0
src/main/resources/static/plugins/ckeditor/samples/old/assets/outputxhtml/outputxhtml.css,204
src/main/resources/static/plugins/ckeditor/samples/old/assets/posteddata.php,59
src/main/resources/static/plugins/ckeditor/samples/old/assets/sample.jpg,0
src/main/resources/static/plugins/ckeditor/samples/old/assets/uilanguages/languages.js,7
src/main/resources/static/plugins/ckeditor/samples/old/datafiltering.html,508
src/main/resources/static/plugins/ckeditor/samples/old/dialog/assets/my_dialog.js,48
src/main/resources/static/plugins/ckeditor/samples/old/dialog/dialog.html,190
src/main/resources/static/plugins/ckeditor/samples/old/divreplace.html,144
src/main/resources/static/plugins/ckeditor/samples/old/enterkey/enterkey.html,106
src/main/resources/static/plugins/ckeditor/samples/old/htmlwriter/assets/outputforflash/outputforflash.fla,0
src/main/resources/static/plugins/ckeditor/samples/old/htmlwriter/assets/outputforflash/outputforflash.swf,0
src/main/resources/static/plugins/ckeditor/samples/old/htmlwriter/assets/outputforflash/swfobject.js,19
src/main/resources/static/plugins/ckeditor/samples/old/htmlwriter/outputforflash.html,283
src/main/resources/static/plugins/ckeditor/samples/old/htmlwriter/outputhtml.html,224
src/main/resources/static/plugins/ckeditor/samples/old/index.html,131
src/main/resources/static/plugins/ckeditor/samples/old/inlineall.html,314
src/main/resources/static/plugins/ckeditor/samples/old/inlinebycode.html,124
src/main/resources/static/plugins/ckeditor/samples/old/inlinetextarea.html,113
src/main/resources/static/plugins/ckeditor/samples/old/jquery.html,103
src/main/resources/static/plugins/ckeditor/samples/old/magicline/magicline.html,209
src/main/resources/static/plugins/ckeditor/samples/old/readonly.html,76
src/main/resources/static/plugins/ckeditor/samples/old/replacebyclass.html,60
src/main/resources/static/plugins/ckeditor/samples/old/replacebycode.html,59
src/main/resources/static/plugins/ckeditor/samples/old/sample.css,357
src/main/resources/static/plugins/ckeditor/samples/old/sample.js,50
src/main/resources/static/plugins/ckeditor/samples/old/sample_posteddata.php,16
src/main/resources/static/plugins/ckeditor/samples/old/tabindex.html,78
src/main/resources/static/plugins/ckeditor/samples/old/toolbar/toolbar.html,235
src/main/resources/static/plugins/ckeditor/samples/old/uicolor.html,72
src/main/resources/static/plugins/ckeditor/samples/old/uilanguages.html,122
src/main/resources/static/plugins/ckeditor/samples/old/wysiwygarea/fullpage.html,80
src/main/resources/static/plugins/ckeditor/samples/old/xhtmlstyle.html,234
src/main/resources/static/plugins/ckeditor/samples/toolbarconfigurator/css/fontello.css,55
src/main/resources/static/plugins/ckeditor/samples/toolbarconfigurator/font/LICENSE.txt,10
src/main/resources/static/plugins/ckeditor/samples/toolbarconfigurator/font/config.json,28
src/main/resources/static/plugins/ckeditor/samples/toolbarconfigurator/font/fontello.eot,0
src/main/resources/static/plugins/ckeditor/samples/toolbarconfigurator/font/fontello.svg,14
src/main/resources/static/plugins/ckeditor/samples/toolbarconfigurator/font/fontello.ttf,0
src/main/resources/static/plugins/ckeditor/samples/toolbarconfigurator/font/fontello.woff,0
src/main/resources/static/plugins/ckeditor/samples/toolbarconfigurator/index.html,446
src/main/resources/static/plugins/ckeditor/samples/toolbarconfigurator/js/abstracttoolbarmodifier.js,13
src/main/resources/static/plugins/ckeditor/samples/toolbarconfigurator/js/fulltoolbareditor.js,9
src/main/resources/static/plugins/ckeditor/samples/toolbarconfigurator/js/toolbarmodifier.js,33
src/main/resources/static/plugins/ckeditor/samples/toolbarconfigurator/js/toolbartextmodifier.js,14
src/main/resources/static/plugins/ckeditor/samples/toolbarconfigurator/lib/codemirror/LICENSE,19
src/main/resources/static/plugins/ckeditor/samples/toolbarconfigurator/lib/codemirror/codemirror.css,325
src/main/resources/static/plugins/ckeditor/samples/toolbarconfigurator/lib/codemirror/codemirror.js,287
src/main/resources/static/plugins/ckeditor/samples/toolbarconfigurator/lib/codemirror/javascript.js,25
src/main/resources/static/plugins/ckeditor/samples/toolbarconfigurator/lib/codemirror/neo.css,36
src/main/resources/static/plugins/ckeditor/samples/toolbarconfigurator/lib/codemirror/show-hint.css,38
src/main/resources/static/plugins/ckeditor/samples/toolbarconfigurator/lib/codemirror/show-hint.js,16
src/main/resources/static/plugins/ckeditor/skins/moono/dialog.css,5
src/main/resources/static/plugins/ckeditor/skins/moono/dialog_ie.css,5
src/main/resources/static/plugins/ckeditor/skins/moono/dialog_ie7.css,5
src/main/resources/static/plugins/ckeditor/skins/moono/dialog_ie8.css,5
src/main/resources/static/plugins/ckeditor/skins/moono/dialog_iequirks.css,5
src/main/resources/static/plugins/ckeditor/skins/moono/editor.css,5
src/main/resources/static/plugins/ckeditor/skins/moono/editor_gecko.css,5
src/main/resources/static/plugins/ckeditor/skins/moono/editor_ie.css,5
src/main/resources/static/plugins/ckeditor/skins/moono/editor_ie7.css,5
src/main/resources/static/plugins/ckeditor/skins/moono/editor_ie8.css,5
src/main/resources/static/plugins/ckeditor/skins/moono/editor_iequirks.css,5
src/main/resources/static/plugins/ckeditor/skins/moono/icons.png,0
src/main/resources/static/plugins/ckeditor/skins/moono/icons_hidpi.png,0
src/main/resources/static/plugins/ckeditor/skins/moono/images/arrow.png,0
src/main/resources/static/plugins/ckeditor/skins/moono/images/close.png,0
src/main/resources/static/plugins/ckeditor/skins/moono/images/hidpi/close.png,0
src/main/resources/static/plugins/ckeditor/skins/moono/images/hidpi/lock-open.png,0
src/main/resources/static/plugins/ckeditor/skins/moono/images/hidpi/lock.png,0
src/main/resources/static/plugins/ckeditor/skins/moono/images/hidpi/refresh.png,0
src/main/resources/static/plugins/ckeditor/skins/moono/images/lock-open.png,0
src/main/resources/static/plugins/ckeditor/skins/moono/images/lock.png,0
src/main/resources/static/plugins/ckeditor/skins/moono/images/refresh.png,0
src/main/resources/static/plugins/ckeditor/skins/moono/images/spinner.gif,0
src/main/resources/static/plugins/ckeditor/skins/moono/readme.md,49
src/main/resources/static/plugins/ckeditor/styles.js,111
src/main/resources/static/plugins/colorpicker/bootstrap-colorpicker.css,251
src/main/resources/static/plugins/colorpicker/bootstrap-colorpicker.js,1079
src/main/resources/static/plugins/colorpicker/bootstrap-colorpicker.min.css,9
src/main/resources/static/plugins/colorpicker/bootstrap-colorpicker.min.js,1
src/main/resources/static/plugins/colorpicker/img/alpha-horizontal.png,0
src/main/resources/static/plugins/colorpicker/img/alpha.png,0
src/main/resources/static/plugins/colorpicker/img/hue-horizontal.png,0
src/main/resources/static/plugins/colorpicker/img/hue.png,0
src/main/resources/static/plugins/colorpicker/img/saturation.png,0
src/main/resources/static/plugins/datatables/dataTables.bootstrap.css,372
src/main/resources/static/plugins/datatables/dataTables.bootstrap.js,206
src/main/resources/static/plugins/datatables/dataTables.bootstrap.min.js,8
src/main/resources/static/plugins/datatables/extensions/AutoFill/Readme.txt,38
src/main/resources/static/plugins/datatables/extensions/AutoFill/css/dataTables.autoFill.css,24
src/main/resources/static/plugins/datatables/extensions/AutoFill/css/dataTables.autoFill.min.css,1
src/main/resources/static/plugins/datatables/extensions/AutoFill/examples/columns.html,644
src/main/resources/static/plugins/datatables/extensions/AutoFill/examples/complete-callback.html,652
src/main/resources/static/plugins/datatables/extensions/AutoFill/examples/fill-both.html,641
src/main/resources/static/plugins/datatables/extensions/AutoFill/examples/fill-horizontal.html,641
src/main/resources/static/plugins/datatables/extensions/AutoFill/examples/index.html,66
src/main/resources/static/plugins/datatables/extensions/AutoFill/examples/scrolling.html,638
src/main/resources/static/plugins/datatables/extensions/AutoFill/examples/simple.html,631
src/main/resources/static/plugins/datatables/extensions/AutoFill/examples/step-callback.html,660
src/main/resources/static/plugins/datatables/extensions/AutoFill/images/filler.png,0
src/main/resources/static/plugins/datatables/extensions/AutoFill/js/dataTables.autoFill.js,855
src/main/resources/static/plugins/datatables/extensions/AutoFill/js/dataTables.autoFill.min.js,22
src/main/resources/static/plugins/datatables/extensions/ColReorder/License.txt,20
src/main/resources/static/plugins/datatables/extensions/ColReorder/Readme.md,39
src/main/resources/static/plugins/datatables/extensions/ColReorder/css/dataTables.colReorder.css,14
src/main/resources/static/plugins/datatables/extensions/ColReorder/css/dataTables.colReorder.min.css,1
src/main/resources/static/plugins/datatables/extensions/ColReorder/examples/alt_insert.html,637
src/main/resources/static/plugins/datatables/extensions/ColReorder/examples/col_filter.html,656
src/main/resources/static/plugins/datatables/extensions/ColReorder/examples/colvis.html,635
src/main/resources/static/plugins/datatables/extensions/ColReorder/examples/fixedcolumns.html,831
src/main/resources/static/plugins/datatables/extensions/ColReorder/examples/fixedheader.html,635
src/main/resources/static/plugins/datatables/extensions/ColReorder/examples/index.html,74
src/main/resources/static/plugins/datatables/extensions/ColReorder/examples/jqueryui.html,635
src/main/resources/static/plugins/datatables/extensions/ColReorder/examples/new_init.html,626
src/main/resources/static/plugins/datatables/extensions/ColReorder/examples/predefined.html,636
src/main/resources/static/plugins/datatables/extensions/ColReorder/examples/realtime.html,637
src/main/resources/static/plugins/datatables/extensions/ColReorder/examples/reset.html,649
src/main/resources/static/plugins/datatables/extensions/ColReorder/examples/scrolling.html,632
src/main/resources/static/plugins/datatables/extensions/ColReorder/examples/server_side.html,192
src/main/resources/static/plugins/datatables/extensions/ColReorder/examples/simple.html,630
src/main/resources/static/plugins/datatables/extensions/ColReorder/examples/state_save.html,631
src/main/resources/static/plugins/datatables/extensions/ColReorder/images/insert.png,0
src/main/resources/static/plugins/datatables/extensions/ColReorder/js/dataTables.colReorder.js,1372
src/main/resources/static/plugins/datatables/extensions/ColReorder/js/dataTables.colReorder.min.js,26
src/main/resources/static/plugins/datatables/extensions/ColVis/License.txt,20
src/main/resources/static/plugins/datatables/extensions/ColVis/Readme.md,38
src/main/resources/static/plugins/datatables/extensions/ColVis/css/dataTables.colVis.css,185
src/main/resources/static/plugins/datatables/extensions/ColVis/css/dataTables.colVis.min.css,1
src/main/resources/static/plugins/datatables/extensions/ColVis/css/dataTables.colvis.jqueryui.css,41
src/main/resources/static/plugins/datatables/extensions/ColVis/examples/button_order.html,630
src/main/resources/static/plugins/datatables/extensions/ColVis/examples/exclude_columns.html,632
src/main/resources/static/plugins/datatables/extensions/ColVis/examples/group_columns.html,656
src/main/resources/static/plugins/datatables/extensions/ColVis/examples/index.html,72
src/main/resources/static/plugins/datatables/extensions/ColVis/examples/jqueryui.html,637
src/main/resources/static/plugins/datatables/extensions/ColVis/examples/mouseover.html,632
src/main/resources/static/plugins/datatables/extensions/ColVis/examples/new_init.html,629
src/main/resources/static/plugins/datatables/extensions/ColVis/examples/restore.html,641
src/main/resources/static/plugins/datatables/extensions/ColVis/examples/simple.html,627
src/main/resources/static/plugins/datatables/extensions/ColVis/examples/text.html,631
src/main/resources/static/plugins/datatables/extensions/ColVis/examples/title_callback.html,636
src/main/resources/static/plugins/datatables/extensions/ColVis/examples/two_tables.html,339
src/main/resources/static/plugins/datatables/extensions/ColVis/examples/two_tables_identical.html,363
src/main/resources/static/plugins/datatables/extensions/ColVis/js/dataTables.colVis.js,1123
src/main/resources/static/plugins/datatables/extensions/ColVis/js/dataTables.colVis.min.js,24
src/main/resources/static/plugins/datatables/extensions/FixedColumns/License.txt,20
src/main/resources/static/plugins/datatables/extensions/FixedColumns/Readme.md,42
src/main/resources/static/plugins/datatables/extensions/FixedColumns/css/dataTables.fixedColumns.css,25
src/main/resources/static/plugins/datatables/extensions/FixedColumns/css/dataTables.fixedColumns.min.css,1
src/main/resources/static/plugins/datatables/extensions/FixedColumns/examples/bootstrap.html,819
src/main/resources/static/plugins/datatables/extensions/FixedColumns/examples/col_filter.html,857
src/main/resources/static/plugins/datatables/extensions/FixedColumns/examples/colvis.html,833
src/main/resources/static/plugins/datatables/extensions/FixedColumns/examples/css_size.html,828
src/main/resources/static/plugins/datatables/extensions/FixedColumns/examples/index.html,74
src/main/resources/static/plugins/datatables/extensions/FixedColumns/examples/index_column.html,932
src/main/resources/static/plugins/datatables/extensions/FixedColumns/examples/left_right_columns.html,816
src/main/resources/static/plugins/datatables/extensions/FixedColumns/examples/right_column.html,816
src/main/resources/static/plugins/datatables/extensions/FixedColumns/examples/rowspan.html,657
src/main/resources/static/plugins/datatables/extensions/FixedColumns/examples/server-side-processing.html,204
src/main/resources/static/plugins/datatables/extensions/FixedColumns/examples/simple.html,813
src/main/resources/static/plugins/datatables/extensions/FixedColumns/examples/size_fixed.html,824
src/main/resources/static/plugins/datatables/extensions/FixedColumns/examples/size_fluid.html,824
src/main/resources/static/plugins/datatables/extensions/FixedColumns/examples/two_columns.html,810
src/main/resources/static/plugins/datatables/extensions/FixedColumns/js/dataTables.fixedColumns.js,1423
src/main/resources/static/plugins/datatables/extensions/FixedColumns/js/dataTables.fixedColumns.min.js,30
src/main/resources/static/plugins/datatables/extensions/FixedHeader/Readme.txt,36
src/main/resources/static/plugins/datatables/extensions/FixedHeader/css/dataTables.fixedHeader.css,7
src/main/resources/static/plugins/datatables/extensions/FixedHeader/css/dataTables.fixedHeader.min.css,1
src/main/resources/static/plugins/datatables/extensions/FixedHeader/examples/header_footer.html,641
src/main/resources/static/plugins/datatables/extensions/FixedHeader/examples/index.html,69
src/main/resources/static/plugins/datatables/extensions/FixedHeader/examples/simple.html,637
src/main/resources/static/plugins/datatables/extensions/FixedHeader/examples/top_left_right.html,236
src/main/resources/static/plugins/datatables/extensions/FixedHeader/examples/two_tables.html,354
src/main/resources/static/plugins/datatables/extensions/FixedHeader/examples/zIndexes.html,653
src/main/resources/static/plugins/datatables/extensions/FixedHeader/js/dataTables.fixedHeader.js,1028
src/main/resources/static/plugins/datatables/extensions/FixedHeader/js/dataTables.fixedHeader.min.js,30
src/main/resources/static/plugins/datatables/extensions/KeyTable/Readme.txt,36
src/main/resources/static/plugins/datatables/extensions/KeyTable/css/dataTables.keyTable.css,7
src/main/resources/static/plugins/datatables/extensions/KeyTable/css/dataTables.keyTable.min.css,1
src/main/resources/static/plugins/datatables/extensions/KeyTable/examples/events.html,756
src/main/resources/static/plugins/datatables/extensions/KeyTable/examples/html.html,627
src/main/resources/static/plugins/datatables/extensions/KeyTable/examples/index.html,69
src/main/resources/static/plugins/datatables/extensions/KeyTable/examples/scrolling.html,637
src/main/resources/static/plugins/datatables/extensions/KeyTable/examples/simple.html,631
src/main/resources/static/plugins/datatables/extensions/KeyTable/js/dataTables.keyTable.js,1175
src/main/resources/static/plugins/datatables/extensions/KeyTable/js/dataTables.keyTable.min.js,18
src/main/resources/static/plugins/datatables/extensions/Responsive/License.txt,20
src/main/resources/static/plugins/datatables/extensions/Responsive/Readme.md,0
src/main/resources/static/plugins/datatables/extensions/Responsive/css/dataTables.responsive.css,106
src/main/resources/static/plugins/datatables/extensions/Responsive/css/dataTables.responsive.scss,149
src/main/resources/static/plugins/datatables/extensions/Responsive/examples/child-rows/column-control.html,854
src/main/resources/static/plugins/datatables/extensions/Responsive/examples/child-rows/custom-renderer.html,863
src/main/resources/static/plugins/datatables/extensions/Responsive/examples/child-rows/disable-child-rows.html,819
src/main/resources/static/plugins/datatables/extensions/Responsive/examples/child-rows/index.html,72
src/main/resources/static/plugins/datatables/extensions/Responsive/examples/child-rows/right-column.html,850
src/main/resources/static/plugins/datatables/extensions/Responsive/examples/child-rows/whole-row-control.html,853
src/main/resources/static/plugins/datatables/extensions/Responsive/examples/display-control/auto.html,813
src/main/resources/static/plugins/datatables/extensions/Responsive/examples/display-control/classes.html,247
src/main/resources/static/plugins/datatables/extensions/Responsive/examples/display-control/complexHeader.html,708
src/main/resources/static/plugins/datatables/extensions/Responsive/examples/display-control/fixedHeader.html,825
src/main/resources/static/plugins/datatables/extensions/Responsive/examples/display-control/index.html,65
src/main/resources/static/plugins/datatables/extensions/Responsive/examples/display-control/init-classes.html,215
src/main/resources/static/plugins/datatables/extensions/Responsive/examples/index.html,86
src/main/resources/static/plugins/datatables/extensions/Responsive/examples/initialisation/ajax.html,210
src/main/resources/static/plugins/datatables/extensions/Responsive/examples/initialisation/className.html,812
src/main/resources/static/plugins/datatables/extensions/Responsive/examples/initialisation/default.html,822
src/main/resources/static/plugins/datatables/extensions/Responsive/examples/initialisation/index.html,65
src/main/resources/static/plugins/datatables/extensions/Responsive/examples/initialisation/new.html,821
src/main/resources/static/plugins/datatables/extensions/Responsive/examples/initialisation/option.html,820
src/main/resources/static/plugins/datatables/extensions/Responsive/examples/styling/bootstrap.html,831
src/main/resources/static/plugins/datatables/extensions/Responsive/examples/styling/compact.html,816
src/main/resources/static/plugins/datatables/extensions/Responsive/examples/styling/foundation.html,822
src/main/resources/static/plugins/datatables/extensions/Responsive/examples/styling/index.html,57
src/main/resources/static/plugins/datatables/extensions/Responsive/examples/styling/scrolling.html,826
src/main/resources/static/plugins/datatables/extensions/Responsive/js/dataTables.responsive.js,873
src/main/resources/static/plugins/datatables/extensions/Responsive/js/dataTables.responsive.min.js,19
src/main/resources/static/plugins/datatables/extensions/Scroller/Readme.txt,43
src/main/resources/static/plugins/datatables/extensions/Scroller/css/dataTables.scroller.css,44
src/main/resources/static/plugins/datatables/extensions/Scroller/css/dataTables.scroller.min.css,1
src/main/resources/static/plugins/datatables/extensions/Scroller/examples/api_scrolling.html,174
src/main/resources/static/plugins/datatables/extensions/Scroller/examples/data/2500.txt,2502
src/main/resources/static/plugins/datatables/extensions/Scroller/examples/data/ssp.php,58
src/main/resources/static/plugins/datatables/extensions/Scroller/examples/index.html,83
src/main/resources/static/plugins/datatables/extensions/Scroller/examples/large_js_source.html,182
src/main/resources/static/plugins/datatables/extensions/Scroller/examples/server-side_processing.html,220
src/main/resources/static/plugins/datatables/extensions/Scroller/examples/simple.html,175
src/main/resources/static/plugins/datatables/extensions/Scroller/examples/state_saving.html,170
src/main/resources/static/plugins/datatables/extensions/Scroller/images/loading-background.png,0
src/main/resources/static/plugins/datatables/extensions/Scroller/js/dataTables.scroller.js,1262
src/main/resources/static/plugins/datatables/extensions/Scroller/js/dataTables.scroller.min.js,25
src/main/resources/static/plugins/datatables/extensions/TableTools/Readme.md,41
src/main/resources/static/plugins/datatables/extensions/TableTools/css/dataTables.tableTools.css,361
src/main/resources/static/plugins/datatables/extensions/TableTools/css/dataTables.tableTools.min.css,1
src/main/resources/static/plugins/datatables/extensions/TableTools/examples/ajax.html,190
src/main/resources/static/plugins/datatables/extensions/TableTools/examples/alter_buttons.html,637
src/main/resources/static/plugins/datatables/extensions/TableTools/examples/bootstrap.html,645
src/main/resources/static/plugins/datatables/extensions/TableTools/examples/button_text.html,669
src/main/resources/static/plugins/datatables/extensions/TableTools/examples/collection.html,654
src/main/resources/static/plugins/datatables/extensions/TableTools/examples/defaults.html,634
src/main/resources/static/plugins/datatables/extensions/TableTools/examples/index.html,80
src/main/resources/static/plugins/datatables/extensions/TableTools/examples/jqueryui.html,637
src/main/resources/static/plugins/datatables/extensions/TableTools/examples/multi_instance.html,638
src/main/resources/static/plugins/datatables/extensions/TableTools/examples/multiple_tables.html,343
src/main/resources/static/plugins/datatables/extensions/TableTools/examples/new_init.html,644
src/main/resources/static/plugins/datatables/extensions/TableTools/examples/pdf_message.html,655
src/main/resources/static/plugins/datatables/extensions/TableTools/examples/plug-in.html,682
src/main/resources/static/plugins/datatables/extensions/TableTools/examples/select_column.html,228
src/main/resources/static/plugins/datatables/extensions/TableTools/examples/select_multi.html,649
src/main/resources/static/plugins/datatables/extensions/TableTools/examples/select_os.html,649
src/main/resources/static/plugins/datatables/extensions/TableTools/examples/select_single.html,646
src/main/resources/static/plugins/datatables/extensions/TableTools/examples/simple.html,633
src/main/resources/static/plugins/datatables/extensions/TableTools/examples/swf_path.html,639
src/main/resources/static/plugins/datatables/extensions/TableTools/images/collection.png,0
src/main/resources/static/plugins/datatables/extensions/TableTools/images/collection_hover.png,0
src/main/resources/static/plugins/datatables/extensions/TableTools/images/copy.png,0
src/main/resources/static/plugins/datatables/extensions/TableTools/images/copy_hover.png,0
src/main/resources/static/plugins/datatables/extensions/TableTools/images/csv.png,0
src/main/resources/static/plugins/datatables/extensions/TableTools/images/csv_hover.png,0
src/main/resources/static/plugins/datatables/extensions/TableTools/images/pdf.png,0
src/main/resources/static/plugins/datatables/extensions/TableTools/images/pdf_hover.png,0
src/main/resources/static/plugins/datatables/extensions/TableTools/images/print.png,0
src/main/resources/static/plugins/datatables/extensions/TableTools/images/print_hover.png,0
src/main/resources/static/plugins/datatables/extensions/TableTools/images/psd/collection.psd,0
src/main/resources/static/plugins/datatables/extensions/TableTools/images/psd/copy document.psd,0
src/main/resources/static/plugins/datatables/extensions/TableTools/images/psd/file_types.psd,0
src/main/resources/static/plugins/datatables/extensions/TableTools/images/psd/printer.psd,0
src/main/resources/static/plugins/datatables/extensions/TableTools/images/xls.png,0
src/main/resources/static/plugins/datatables/extensions/TableTools/images/xls_hover.png,0
src/main/resources/static/plugins/datatables/extensions/TableTools/js/dataTables.tableTools.js,3230
src/main/resources/static/plugins/datatables/extensions/TableTools/js/dataTables.tableTools.min.js,70
src/main/resources/static/plugins/datatables/extensions/TableTools/swf/copy_csv_xls.swf,0
src/main/resources/static/plugins/datatables/extensions/TableTools/swf/copy_csv_xls_pdf.swf,0
src/main/resources/static/plugins/datatables/images/sort_asc.png,0
src/main/resources/static/plugins/datatables/images/sort_asc_disabled.png,0
src/main/resources/static/plugins/datatables/images/sort_both.png,0
src/main/resources/static/plugins/datatables/images/sort_desc.png,0
src/main/resources/static/plugins/datatables/images/sort_desc_disabled.png,0
src/main/resources/static/plugins/datatables/jquery.dataTables.css,455
src/main/resources/static/plugins/datatables/jquery.dataTables.js,14951
src/main/resources/static/plugins/datatables/jquery.dataTables.min.css,1
src/main/resources/static/plugins/datatables/jquery.dataTables.min.js,160
src/main/resources/static/plugins/datatables/jquery.dataTables_themeroller.css,416
src/main/resources/static/plugins/datepicker/bootstrap-datepicker.js,1671
src/main/resources/static/plugins/datepicker/datepicker3.css,790
src/main/resources/static/plugins/datepicker/locales/bootstrap-datepicker.ar.js,15
src/main/resources/static/plugins/datepicker/locales/bootstrap-datepicker.az.js,12
src/main/resources/static/plugins/datepicker/locales/bootstrap-datepicker.bg.js,14
src/main/resources/static/plugins/datepicker/locales/bootstrap-datepicker.ca.js,14
src/main/resources/static/plugins/datepicker/locales/bootstrap-datepicker.cs.js,15
src/main/resources/static/plugins/datepicker/locales/bootstrap-datepicker.cy.js,14
src/main/resources/static/plugins/datepicker/locales/bootstrap-datepicker.da.js,15
src/main/resources/static/plugins/datepicker/locales/bootstrap-datepicker.de.js,17
src/main/resources/static/plugins/datepicker/locales/bootstrap-datepicker.el.js,13
src/main/resources/static/plugins/datepicker/locales/bootstrap-datepicker.es.js,14
src/main/resources/static/plugins/datepicker/locales/bootstrap-datepicker.et.js,18
src/main/resources/static/plugins/datepicker/locales/bootstrap-datepicker.fa.js,17
src/main/resources/static/plugins/datepicker/locales/bootstrap-datepicker.fi.js,16
src/main/resources/static/plugins/datepicker/locales/bootstrap-datepicker.fr.js,17
src/main/resources/static/plugins/datepicker/locales/bootstrap-datepicker.gl.js,11
src/main/resources/static/plugins/datepicker/locales/bootstrap-datepicker.he.js,15
src/main/resources/static/plugins/datepicker/locales/bootstrap-datepicker.hr.js,13
src/main/resources/static/plugins/datepicker/locales/bootstrap-datepicker.hu.js,16
src/main/resources/static/plugins/datepicker/locales/bootstrap-datepicker.id.js,15
src/main/resources/static/plugins/datepicker/locales/bootstrap-datepicker.is.js,14
src/main/resources/static/plugins/datepicker/locales/bootstrap-datepicker.it.js,17
src/main/resources/static/plugins/datepicker/locales/bootstrap-datepicker.ja.js,15
src/main/resources/static/plugins/datepicker/locales/bootstrap-datepicker.ka.js,17
src/main/resources/static/plugins/datepicker/locales/bootstrap-datepicker.kk.js,15
src/main/resources/static/plugins/datepicker/locales/bootstrap-datepicker.kr.js,13
src/main/resources/static/plugins/datepicker/locales/bootstrap-datepicker.lt.js,16
src/main/resources/static/plugins/datepicker/locales/bootstrap-datepicker.lv.js,16
src/main/resources/static/plugins/datepicker/locales/bootstrap-datepicker.mk.js,15
src/main/resources/static/plugins/datepicker/locales/bootstrap-datepicker.ms.js,14
src/main/resources/static/plugins/datepicker/locales/bootstrap-datepicker.nb.js,14
src/main/resources/static/plugins/datepicker/locales/bootstrap-datepicker.nl-BE.js,17
src/main/resources/static/plugins/datepicker/locales/bootstrap-datepicker.nl.js,14
src/main/resources/static/plugins/datepicker/locales/bootstrap-datepicker.no.js,16
src/main/resources/static/plugins/datepicker/locales/bootstrap-datepicker.pl.js,15
src/main/resources/static/plugins/datepicker/locales/bootstrap-datepicker.pt-BR.js,15
src/main/resources/static/plugins/datepicker/locales/bootstrap-datepicker.pt.js,16
src/main/resources/static/plugins/datepicker/locales/bootstrap-datepicker.ro.js,16
src/main/resources/static/plugins/datepicker/locales/bootstrap-datepicker.rs-latin.js,14
src/main/resources/static/plugins/datepicker/locales/bootstrap-datepicker.rs.js,14
src/main/resources/static/plugins/datepicker/locales/bootstrap-datepicker.ru.js,15
src/main/resources/static/plugins/datepicker/locales/bootstrap-datepicker.sk.js,15
src/main/resources/static/plugins/datepicker/locales/bootstrap-datepicker.sl.js,14
src/main/resources/static/plugins/datepicker/locales/bootstrap-datepicker.sq.js,15
src/main/resources/static/plugins/datepicker/locales/bootstrap-datepicker.sv.js,16
src/main/resources/static/plugins/datepicker/locales/bootstrap-datepicker.sw.js,15
src/main/resources/static/plugins/datepicker/locales/bootstrap-datepicker.th.js,14
src/main/resources/static/plugins/datepicker/locales/bootstrap-datepicker.tr.js,16
src/main/resources/static/plugins/datepicker/locales/bootstrap-datepicker.ua.js,15
src/main/resources/static/plugins/datepicker/locales/bootstrap-datepicker.vi.js,16
src/main/resources/static/plugins/datepicker/locales/bootstrap-datepicker.zh-CN.js,16
src/main/resources/static/plugins/datepicker/locales/bootstrap-datepicker.zh-TW.js,17
src/main/resources/static/plugins/daterangepicker/daterangepicker-bs3.css,335
src/main/resources/static/plugins/daterangepicker/daterangepicker.js,1304
src/main/resources/static/plugins/daterangepicker/moment.js,3043
src/main/resources/static/plugins/daterangepicker/moment.min.js,7
src/main/resources/static/plugins/fastclick/fastclick.js,841
src/main/resources/static/plugins/fastclick/fastclick.min.js,1
src/main/resources/static/plugins/flot/excanvas.js,1427
src/main/resources/static/plugins/flot/excanvas.min.js,1
src/main/resources/static/plugins/flot/jquery.colorhelpers.js,180
src/main/resources/static/plugins/flot/jquery.colorhelpers.min.js,1
src/main/resources/static/plugins/flot/jquery.flot.canvas.js,345
src/main/resources/static/plugins/flot/jquery.flot.canvas.min.js,1
src/main/resources/static/plugins/flot/jquery.flot.categories.js,190
src/main/resources/static/plugins/flot/jquery.flot.categories.min.js,1
src/main/resources/static/plugins/flot/jquery.flot.crosshair.js,176
src/main/resources/static/plugins/flot/jquery.flot.crosshair.min.js,1
src/main/resources/static/plugins/flot/jquery.flot.errorbars.js,353
src/main/resources/static/plugins/flot/jquery.flot.errorbars.min.js,1
src/main/resources/static/plugins/flot/jquery.flot.fillbetween.js,226
src/main/resources/static/plugins/flot/jquery.flot.fillbetween.min.js,1
src/main/resources/static/plugins/flot/jquery.flot.image.js,241
src/main/resources/static/plugins/flot/jquery.flot.image.min.js,1
src/main/resources/static/plugins/flot/jquery.flot.js,3137
src/main/resources/static/plugins/flot/jquery.flot.min.js,2
src/main/resources/static/plugins/flot/jquery.flot.navigate.js,346
src/main/resources/static/plugins/flot/jquery.flot.navigate.min.js,1
src/main/resources/static/plugins/flot/jquery.flot.pie.js,817
src/main/resources/static/plugins/flot/jquery.flot.pie.min.js,1
src/main/resources/static/plugins/flot/jquery.flot.resize.js,60
src/main/resources/static/plugins/flot/jquery.flot.resize.min.js,1
src/main/resources/static/plugins/flot/jquery.flot.selection.js,360
src/main/resources/static/plugins/flot/jquery.flot.selection.min.js,1
src/main/resources/static/plugins/flot/jquery.flot.stack.js,188
src/main/resources/static/plugins/flot/jquery.flot.stack.min.js,1
src/main/resources/static/plugins/flot/jquery.flot.symbol.js,71
src/main/resources/static/plugins/flot/jquery.flot.symbol.min.js,1
src/main/resources/static/plugins/flot/jquery.flot.threshold.js,142
src/main/resources/static/plugins/flot/jquery.flot.threshold.min.js,1
src/main/resources/static/plugins/flot/jquery.flot.time.js,429
src/main/resources/static/plugins/flot/jquery.flot.time.min.js,1
src/main/resources/static/plugins/fullcalendar/fullcalendar.css,977
src/main/resources/static/plugins/fullcalendar/fullcalendar.js,9732
src/main/resources/static/plugins/fullcalendar/fullcalendar.min.css,5
src/main/resources/static/plugins/fullcalendar/fullcalendar.min.js,8
src/main/resources/static/plugins/fullcalendar/fullcalendar.print.css,202
src/main/resources/static/plugins/iCheck/all.css,61
src/main/resources/static/plugins/iCheck/flat/_all.css,560
src/main/resources/static/plugins/iCheck/flat/aero.css,56
src/main/resources/static/plugins/iCheck/flat/aero.png,0
src/main/resources/static/plugins/iCheck/flat/aero@2x.png,0
src/main/resources/static/plugins/iCheck/flat/blue.css,56
src/main/resources/static/plugins/iCheck/flat/blue.png,0
src/main/resources/static/plugins/iCheck/flat/blue@2x.png,0
src/main/resources/static/plugins/iCheck/flat/flat.css,56
src/main/resources/static/plugins/iCheck/flat/flat.png,0
src/main/resources/static/plugins/iCheck/flat/flat@2x.png,0
src/main/resources/static/plugins/iCheck/flat/green.css,56
src/main/resources/static/plugins/iCheck/flat/green.png,0
src/main/resources/static/plugins/iCheck/flat/green@2x.png,0
src/main/resources/static/plugins/iCheck/flat/grey.css,56
src/main/resources/static/plugins/iCheck/flat/grey.png,0
src/main/resources/static/plugins/iCheck/flat/grey@2x.png,0
src/main/resources/static/plugins/iCheck/flat/orange.css,56
src/main/resources/static/plugins/iCheck/flat/orange.png,0
src/main/resources/static/plugins/iCheck/flat/orange@2x.png,0
src/main/resources/static/plugins/iCheck/flat/pink.css,56
src/main/resources/static/plugins/iCheck/flat/pink.png,0
src/main/resources/static/plugins/iCheck/flat/pink@2x.png,0
src/main/resources/static/plugins/iCheck/flat/purple.css,56
src/main/resources/static/plugins/iCheck/flat/purple.png,0
src/main/resources/static/plugins/iCheck/flat/purple@2x.png,0
src/main/resources/static/plugins/iCheck/flat/red.css,56
src/main/resources/static/plugins/iCheck/flat/red.png,0
src/main/resources/static/plugins/iCheck/flat/red@2x.png,0
src/main/resources/static/plugins/iCheck/flat/yellow.css,56
src/main/resources/static/plugins/iCheck/flat/yellow.png,0
src/main/resources/static/plugins/iCheck/flat/yellow@2x.png,0
src/main/resources/static/plugins/iCheck/futurico/futurico.css,56
src/main/resources/static/plugins/iCheck/futurico/futurico.png,0
src/main/resources/static/plugins/iCheck/futurico/futurico@2x.png,0
src/main/resources/static/plugins/iCheck/icheck.js,478
src/main/resources/static/plugins/iCheck/icheck.min.js,10
src/main/resources/static/plugins/iCheck/line/_all.css,740
src/main/resources/static/plugins/iCheck/line/aero.css,74
src/main/resources/static/plugins/iCheck/line/blue.css,74
src/main/resources/static/plugins/iCheck/line/green.css,74
src/main/resources/static/plugins/iCheck/line/grey.css,74
src/main/resources/static/plugins/iCheck/line/line.css,74
src/main/resources/static/plugins/iCheck/line/line.png,0
src/main/resources/static/plugins/iCheck/line/line@2x.png,0
src/main/resources/static/plugins/iCheck/line/orange.css,74
src/main/resources/static/plugins/iCheck/line/pink.css,74
src/main/resources/static/plugins/iCheck/line/purple.css,74
src/main/resources/static/plugins/iCheck/line/red.css,74
src/main/resources/static/plugins/iCheck/line/yellow.css,74
src/main/resources/static/plugins/iCheck/minimal/_all.css,557
src/main/resources/static/plugins/iCheck/minimal/aero.css,62
src/main/resources/static/plugins/iCheck/minimal/aero.png,0
src/main/resources/static/plugins/iCheck/minimal/aero@2x.png,0
src/main/resources/static/plugins/iCheck/minimal/blue.css,62
src/main/resources/static/plugins/iCheck/minimal/blue.png,0
src/main/resources/static/plugins/iCheck/minimal/blue@2x.png,0
src/main/resources/static/plugins/iCheck/minimal/green.css,62
src/main/resources/static/plugins/iCheck/minimal/green.png,0
src/main/resources/static/plugins/iCheck/minimal/green@2x.png,0
src/main/resources/static/plugins/iCheck/minimal/grey.css,62
src/main/resources/static/plugins/iCheck/minimal/grey.png,0
src/main/resources/static/plugins/iCheck/minimal/grey@2x.png,0
src/main/resources/static/plugins/iCheck/minimal/minimal.css,62
src/main/resources/static/plugins/iCheck/minimal/minimal.png,0
src/main/resources/static/plugins/iCheck/minimal/minimal@2x.png,0
src/main/resources/static/plugins/iCheck/minimal/orange.css,62
src/main/resources/static/plugins/iCheck/minimal/orange.png,0
src/main/resources/static/plugins/iCheck/minimal/orange@2x.png,0
src/main/resources/static/plugins/iCheck/minimal/pink.css,62
src/main/resources/static/plugins/iCheck/minimal/pink.png,0
src/main/resources/static/plugins/iCheck/minimal/pink@2x.png,0
src/main/resources/static/plugins/iCheck/minimal/purple.css,62
src/main/resources/static/plugins/iCheck/minimal/purple.png,0
src/main/resources/static/plugins/iCheck/minimal/purple@2x.png,0
src/main/resources/static/plugins/iCheck/minimal/red.css,62
src/main/resources/static/plugins/iCheck/minimal/red.png,0
src/main/resources/static/plugins/iCheck/minimal/red@2x.png,0
src/main/resources/static/plugins/iCheck/minimal/yellow.css,62
src/main/resources/static/plugins/iCheck/minimal/yellow.png,0
src/main/resources/static/plugins/iCheck/minimal/yellow@2x.png,0
src/main/resources/static/plugins/iCheck/polaris/polaris.css,62
src/main/resources/static/plugins/iCheck/polaris/polaris.png,0
src/main/resources/static/plugins/iCheck/polaris/polaris@2x.png,0
src/main/resources/static/plugins/iCheck/square/_all.css,620
src/main/resources/static/plugins/iCheck/square/aero.css,62
src/main/resources/static/plugins/iCheck/square/aero.png,0
src/main/resources/static/plugins/iCheck/square/aero@2x.png,0
src/main/resources/static/plugins/iCheck/square/blue.css,62
src/main/resources/static/plugins/iCheck/square/blue.png,0
src/main/resources/static/plugins/iCheck/square/blue@2x.png,0
src/main/resources/static/plugins/iCheck/square/green.css,62
src/main/resources/static/plugins/iCheck/square/green.png,0
src/main/resources/static/plugins/iCheck/square/green@2x.png,0
src/main/resources/static/plugins/iCheck/square/grey.css,62
src/main/resources/static/plugins/iCheck/square/grey.png,0
src/main/resources/static/plugins/iCheck/square/grey@2x.png,0
src/main/resources/static/plugins/iCheck/square/orange.css,62
src/main/resources/static/plugins/iCheck/square/orange.png,0
src/main/resources/static/plugins/iCheck/square/orange@2x.png,0
src/main/resources/static/plugins/iCheck/square/pink.css,62
src/main/resources/static/plugins/iCheck/square/pink.png,0
src/main/resources/static/plugins/iCheck/square/pink@2x.png,0
src/main/resources/static/plugins/iCheck/square/purple.css,62
src/main/resources/static/plugins/iCheck/square/purple.png,0
src/main/resources/static/plugins/iCheck/square/purple@2x.png,0
src/main/resources/static/plugins/iCheck/square/red.css,62
src/main/resources/static/plugins/iCheck/square/red.png,0
src/main/resources/static/plugins/iCheck/square/red@2x.png,0
src/main/resources/static/plugins/iCheck/square/square.css,62
src/main/resources/static/plugins/iCheck/square/square.png,0
src/main/resources/static/plugins/iCheck/square/square@2x.png,0
src/main/resources/static/plugins/iCheck/square/yellow.css,62
src/main/resources/static/plugins/iCheck/square/yellow.png,0
src/main/resources/static/plugins/iCheck/square/yellow@2x.png,0
src/main/resources/static/plugins/input-mask/jquery.inputmask.date.extensions.js,488
src/main/resources/static/plugins/input-mask/jquery.inputmask.extensions.js,122
src/main/resources/static/plugins/input-mask/jquery.inputmask.js,1627
src/main/resources/static/plugins/input-mask/jquery.inputmask.numeric.extensions.js,177
src/main/resources/static/plugins/input-mask/jquery.inputmask.phone.extensions.js,50
src/main/resources/static/plugins/input-mask/jquery.inputmask.regex.extensions.js,169
src/main/resources/static/plugins/input-mask/phone-codes/phone-be.json,45
src/main/resources/static/plugins/input-mask/phone-codes/phone-codes.json,294
src/main/resources/static/plugins/input-mask/phone-codes/readme.txt,1
src/main/resources/static/plugins/ionslider/img/sprite-skin-flat.png,0
src/main/resources/static/plugins/ionslider/img/sprite-skin-nice.png,0
src/main/resources/static/plugins/ionslider/ion.rangeSlider.css,149
src/main/resources/static/plugins/ionslider/ion.rangeSlider.min.js,76
src/main/resources/static/plugins/ionslider/ion.rangeSlider.skinFlat.css,106
src/main/resources/static/plugins/ionslider/ion.rangeSlider.skinNice.css,102
src/main/resources/static/plugins/jQuery/jQuery-2.2.0.min.js,4
src/main/resources/static/plugins/jQueryUI/jquery-ui.js,16617
src/main/resources/static/plugins/jQueryUI/jquery-ui.min.js,13
src/main/resources/static/plugins/jvectormap/jquery-jvectormap-1.2.2.css,40
src/main/resources/static/plugins/jvectormap/jquery-jvectormap-1.2.2.min.js,8
src/main/resources/static/plugins/jvectormap/jquery-jvectormap-usa-en.js,1
src/main/resources/static/plugins/jvectormap/jquery-jvectormap-world-mill-en.js,1
src/main/resources/static/plugins/knob/jquery.knob.js,805
src/main/resources/static/plugins/morris/morris.css,2
src/main/resources/static/plugins/morris/morris.js,1892
src/main/resources/static/plugins/morris/morris.min.js,7
src/main/resources/static/plugins/pace/pace.css,85
src/main/resources/static/plugins/pace/pace.js,935
src/main/resources/static/plugins/pace/pace.min.css,1
src/main/resources/static/plugins/pace/pace.min.js,2
src/main/resources/static/plugins/select2/i18n/ar.js,3
src/main/resources/static/plugins/select2/i18n/az.js,3
src/main/resources/static/plugins/select2/i18n/bg.js,3
src/main/resources/static/plugins/select2/i18n/ca.js,3
src/main/resources/static/plugins/select2/i18n/cs.js,3
src/main/resources/static/plugins/select2/i18n/da.js,3
src/main/resources/static/plugins/select2/i18n/de.js,3
src/main/resources/static/plugins/select2/i18n/en.js,3
src/main/resources/static/plugins/select2/i18n/es.js,3
src/main/resources/static/plugins/select2/i18n/et.js,3
src/main/resources/static/plugins/select2/i18n/eu.js,3
src/main/resources/static/plugins/select2/i18n/fa.js,3
src/main/resources/static/plugins/select2/i18n/fi.js,3
src/main/resources/static/plugins/select2/i18n/fr.js,3
src/main/resources/static/plugins/select2/i18n/gl.js,3
src/main/resources/static/plugins/select2/i18n/he.js,3
src/main/resources/static/plugins/select2/i18n/hi.js,3
src/main/resources/static/plugins/select2/i18n/hr.js,3
src/main/resources/static/plugins/select2/i18n/hu.js,3
src/main/resources/static/plugins/select2/i18n/id.js,3
src/main/resources/static/plugins/select2/i18n/is.js,3
src/main/resources/static/plugins/select2/i18n/it.js,3
src/main/resources/static/plugins/select2/i18n/ja.js,3
src/main/resources/static/plugins/select2/i18n/ko.js,3
src/main/resources/static/plugins/select2/i18n/lt.js,3
src/main/resources/static/plugins/select2/i18n/lv.js,3
src/main/resources/static/plugins/select2/i18n/mk.js,3
src/main/resources/static/plugins/select2/i18n/ms.js,3
src/main/resources/static/plugins/select2/i18n/nb.js,3
src/main/resources/static/plugins/select2/i18n/nl.js,3
src/main/resources/static/plugins/select2/i18n/pl.js,3
src/main/resources/static/plugins/select2/i18n/pt-BR.js,3
src/main/resources/static/plugins/select2/i18n/pt.js,3
src/main/resources/static/plugins/select2/i18n/ro.js,3
src/main/resources/static/plugins/select2/i18n/ru.js,3
src/main/resources/static/plugins/select2/i18n/sk.js,3
src/main/resources/static/plugins/select2/i18n/sr-Cyrl.js,3
src/main/resources/static/plugins/select2/i18n/sr.js,3
src/main/resources/static/plugins/select2/i18n/sv.js,3
src/main/resources/static/plugins/select2/i18n/th.js,3
src/main/resources/static/plugins/select2/i18n/tr.js,3
src/main/resources/static/plugins/select2/i18n/uk.js,3
src/main/resources/static/plugins/select2/i18n/vi.js,3
src/main/resources/static/plugins/select2/i18n/zh-CN.js,3
src/main/resources/static/plugins/select2/i18n/zh-TW.js,3
src/main/resources/static/plugins/select2/select2.css,482
src/main/resources/static/plugins/select2/select2.full.js,6281
src/main/resources/static/plugins/select2/select2.full.min.js,3
src/main/resources/static/plugins/select2/select2.js,5570
src/main/resources/static/plugins/select2/select2.min.css,1
src/main/resources/static/plugins/select2/select2.min.js,2
src/main/resources/static/plugins/slimScroll/jquery.slimscroll.js,490
src/main/resources/static/plugins/slimScroll/jquery.slimscroll.min.js,1
src/main/resources/static/plugins/sparkline/jquery.sparkline.js,3054
src/main/resources/static/plugins/sparkline/jquery.sparkline.min.js,5
src/main/resources/static/plugins/timepicker/bootstrap-timepicker.css,121
src/main/resources/static/plugins/timepicker/bootstrap-timepicker.js,903
src/main/resources/static/plugins/timepicker/bootstrap-timepicker.min.css,10
src/main/resources/static/plugins/timepicker/bootstrap-timepicker.min.js,5
src/main/resources/static/plugins/validator.min.js,9
src/main/resources/templates/coupons/list.html,56
src/main/resources/templates/customers/form.html,46
src/main/resources/templates/customers/list.html,56
src/main/resources/templates/layout.html,111
src/test/java/.DS_Store,0
src/test/java/br/ufc/great/sysrepotd/SistemApplicationTests.java,56
